Date,Currency,Exchange
2022-01-01,USD,1.0
2022-01-01,CAD,1.1583
2022-01-01,AUD,1.2214
2022-01-01,EUR,0.8237
2022-01-01,GBP,0.6415
2022-01-02,USD,1.0
2022-01-02,CAD,1.1682
2022-01-02,AUD,1.2323
2022-01-02,EUR,0.8304
2022-01-02,GBP,0.6477
2022-01-03,USD,1.0
2022-01-03,CAD,1.1682
2022-01-03,AUD,1.2323
2022-01-03,EUR,0.8304
2022-01-03,GBP,0.6477
2022-01-04,USD,1.0
2022-01-04,CAD,1.1682
2022-01-04,AUD,1.2323
2022-01-04,EUR,0.8304
2022-01-04,GBP,0.6477
2022-01-05,USD,1.0
2022-01-05,CAD,1.1784
2022-01-05,AUD,1.2384
2022-01-05,EUR,0.8393
2022-01-05,GBP,0.6569
2022-01-06,USD,1.0
2022-01-06,CAD,1.1763
2022-01-06,AUD,1.2288
2022-01-06,EUR,0.8393
2022-01-06,GBP,0.6582
2022-01-07,USD,1.0
2022-01-07,CAD,1.183
2022-01-07,AUD,1.2391
2022-01-07,EUR,0.8452
2022-01-07,GBP,0.6612
2022-01-08,USD,1.0
2022-01-08,CAD,1.1816
2022-01-08,AUD,1.2337
2022-01-08,EUR,0.8498
2022-01-08,GBP,0.6637
2022-01-09,USD,1.0
2022-01-09,CAD,1.182
2022-01-09,AUD,1.228
2022-01-09,EUR,0.8465
2022-01-09,GBP,0.6602
2022-01-10,USD,1.0
2022-01-10,CAD,1.182
2022-01-10,AUD,1.228
2022-01-10,EUR,0.8465
2022-01-10,GBP,0.6602
2022-01-11,USD,1.0
2022-01-11,CAD,1.182
2022-01-11,AUD,1.228
2022-01-11,EUR,0.8465
2022-01-11,GBP,0.6602
2022-01-12,USD,1.0
2022-01-12,CAD,1.1897
2022-01-12,AUD,1.2282
2022-01-12,EUR,0.8472
2022-01-12,GBP,0.66
2022-01-13,USD,1.0
2022-01-13,CAD,1.1966
2022-01-13,AUD,1.2257
2022-01-13,EUR,0.8488
2022-01-13,GBP,0.6592
2022-01-14,USD,1.0
2022-01-14,CAD,1.1965
2022-01-14,AUD,1.2291
2022-01-14,EUR,0.8493
2022-01-14,GBP,0.6584
2022-01-15,USD,1.0
2022-01-15,CAD,1.1834
2022-01-15,AUD,1.208
2022-01-15,EUR,0.8541
2022-01-15,GBP,0.6553
2022-01-16,USD,1.0
2022-01-16,CAD,1.2035
2022-01-16,AUD,1.2179
2022-01-16,EUR,0.863
2022-01-16,GBP,0.659
2022-01-17,USD,1.0
2022-01-17,CAD,1.2035
2022-01-17,AUD,1.2179
2022-01-17,EUR,0.863
2022-01-17,GBP,0.659
2022-01-18,USD,1.0
2022-01-18,CAD,1.2035
2022-01-18,AUD,1.2179
2022-01-18,EUR,0.863
2022-01-18,GBP,0.659
2022-01-19,USD,1.0
2022-01-19,CAD,1.1983
2022-01-19,AUD,1.2179
2022-01-19,EUR,0.8617
2022-01-19,GBP,0.6604
2022-01-20,USD,1.0
2022-01-20,CAD,1.2013
2022-01-20,AUD,1.2197
2022-01-20,EUR,0.8636
2022-01-20,GBP,0.6596
2022-01-21,USD,1.0
2022-01-21,CAD,1.2075
2022-01-21,AUD,1.2174
2022-01-21,EUR,0.8626
2022-01-21,GBP,0.6617
2022-01-22,USD,1.0
2022-01-22,CAD,1.2354
2022-01-22,AUD,1.2308
2022-01-22,EUR,0.8607
2022-01-22,GBP,0.6579
2022-01-23,USD,1.0
2022-01-23,CAD,1.2446
2022-01-23,AUD,1.2653
2022-01-23,EUR,0.893
2022-01-23,GBP,0.6674
2022-01-24,USD,1.0
2022-01-24,CAD,1.2446
2022-01-24,AUD,1.2653
2022-01-24,EUR,0.893
2022-01-24,GBP,0.6674
2022-01-25,USD,1.0
2022-01-25,CAD,1.2446
2022-01-25,AUD,1.2653
2022-01-25,EUR,0.893
2022-01-25,GBP,0.6674
2022-01-26,USD,1.0
2022-01-26,CAD,1.2459
2022-01-26,AUD,1.2653
2022-01-26,EUR,0.8894
2022-01-26,GBP,0.6661
2022-01-27,USD,1.0
2022-01-27,CAD,1.2458
2022-01-27,AUD,1.2589
2022-01-27,EUR,0.8845
2022-01-27,GBP,0.6609
2022-01-28,USD,1.0
2022-01-28,CAD,1.2421
2022-01-28,AUD,1.2548
2022-01-28,EUR,0.8815
2022-01-28,GBP,0.6581
2022-01-29,USD,1.0
2022-01-29,CAD,1.2531
2022-01-29,AUD,1.2846
2022-01-29,EUR,0.8838
2022-01-29,GBP,0.6608
2022-01-30,USD,1.0
2022-01-30,CAD,1.267
2022-01-30,AUD,1.2857
2022-01-30,EUR,0.8846
2022-01-30,GBP,0.6644
2022-01-31,USD,1.0
2022-01-31,CAD,1.267
2022-01-31,AUD,1.2857
2022-01-31,EUR,0.8846
2022-01-31,GBP,0.6644
2022-02-01,USD,1.0
2022-02-01,CAD,1.267
2022-02-01,AUD,1.2857
2022-02-01,EUR,0.8846
2022-02-01,GBP,0.6644
2022-02-02,USD,1.0
2022-02-02,CAD,1.2672
2022-02-02,AUD,1.2841
2022-02-02,EUR,0.8842
2022-02-02,GBP,0.6654
2022-02-03,USD,1.0
2022-02-03,CAD,1.2584
2022-02-03,AUD,1.3009
2022-02-03,EUR,0.879
2022-02-03,GBP,0.6628
2022-02-04,USD,1.0
2022-02-04,CAD,1.2452
2022-02-04,AUD,1.2862
2022-02-04,EUR,0.8737
2022-02-04,GBP,0.6566
2022-02-05,USD,1.0
2022-02-05,CAD,1.2524
2022-02-05,AUD,1.281
2022-02-05,EUR,0.8764
2022-02-05,GBP,0.6557
2022-02-06,USD,1.0
2022-02-06,CAD,1.2445
2022-02-06,AUD,1.273
2022-02-06,EUR,0.8736
2022-02-06,GBP,0.6528
2022-02-07,USD,1.0
2022-02-07,CAD,1.2445
2022-02-07,AUD,1.273
2022-02-07,EUR,0.8736
2022-02-07,GBP,0.6528
2022-02-08,USD,1.0
2022-02-08,CAD,1.2445
2022-02-08,AUD,1.273
2022-02-08,EUR,0.8736
2022-02-08,GBP,0.6528
2022-02-09,USD,1.0
2022-02-09,CAD,1.25
2022-02-09,AUD,1.2798
2022-02-09,EUR,0.8869
2022-02-09,GBP,0.6576
2022-02-10,USD,1.0
2022-02-10,CAD,1.2471
2022-02-10,AUD,1.2855
2022-02-10,EUR,0.8852
2022-02-10,GBP,0.6568
2022-02-11,USD,1.0
2022-02-11,CAD,1.2611
2022-02-11,AUD,1.291
2022-02-11,EUR,0.8839
2022-02-11,GBP,0.6537
2022-02-12,USD,1.0
2022-02-12,CAD,1.256
2022-02-12,AUD,1.3031
2022-02-12,EUR,0.8828
2022-02-12,GBP,0.6511
2022-02-13,USD,1.0
2022-02-13,CAD,1.2508
2022-02-13,AUD,1.2907
2022-02-13,EUR,0.8787
2022-02-13,GBP,0.6503
2022-02-14,USD,1.0
2022-02-14,CAD,1.2508
2022-02-14,AUD,1.2907
2022-02-14,EUR,0.8787
2022-02-14,GBP,0.6503
2022-02-15,USD,1.0
2022-02-15,CAD,1.2508
2022-02-15,AUD,1.2907
2022-02-15,EUR,0.8787
2022-02-15,GBP,0.6503
2022-02-16,USD,1.0
2022-02-16,CAD,1.2453
2022-02-16,AUD,1.2859
2022-02-16,EUR,0.8766
2022-02-16,GBP,0.6505
2022-02-17,USD,1.0
2022-02-17,CAD,1.2374
2022-02-17,AUD,1.2784
2022-02-17,EUR,0.876
2022-02-17,GBP,0.6512
2022-02-18,USD,1.0
2022-02-18,CAD,1.245
2022-02-18,AUD,1.2837
2022-02-18,EUR,0.8794
2022-02-18,GBP,0.6483
2022-02-19,USD,1.0
2022-02-19,CAD,1.252
2022-02-19,AUD,1.285
2022-02-19,EUR,0.8782
2022-02-19,GBP,0.648
2022-02-20,USD,1.0
2022-02-20,CAD,1.2456
2022-02-20,AUD,1.2745
2022-02-20,EUR,0.8851
2022-02-20,GBP,0.6504
2022-02-21,USD,1.0
2022-02-21,CAD,1.2456
2022-02-21,AUD,1.2745
2022-02-21,EUR,0.8851
2022-02-21,GBP,0.6504
2022-02-22,USD,1.0
2022-02-22,CAD,1.2456
2022-02-22,AUD,1.2745
2022-02-22,EUR,0.8851
2022-02-22,GBP,0.6504
2022-02-23,USD,1.0
2022-02-23,CAD,1.2618
2022-02-23,AUD,1.2843
2022-02-23,EUR,0.8851
2022-02-23,GBP,0.6507
2022-02-24,USD,1.0
2022-02-24,CAD,1.2643
2022-02-24,AUD,1.2896
2022-02-24,EUR,0.8828
2022-02-24,GBP,0.6483
2022-02-25,USD,1.0
2022-02-25,CAD,1.2441
2022-02-25,AUD,1.2681
2022-02-25,EUR,0.8814
2022-02-25,GBP,0.6459
2022-02-26,USD,1.0
2022-02-26,CAD,1.247
2022-02-26,AUD,1.2686
2022-02-26,EUR,0.8836
2022-02-26,GBP,0.6451
2022-02-27,USD,1.0
2022-02-27,CAD,1.2451
2022-02-27,AUD,1.2774
2022-02-27,EUR,0.8897
2022-02-27,GBP,0.6475
2022-02-28,USD,1.0
2022-02-28,CAD,1.2451
2022-02-28,AUD,1.2774
2022-02-28,EUR,0.8897
2022-02-28,GBP,0.6475
2022-03-01,USD,1.0
2022-03-01,CAD,1.2451
2022-03-01,AUD,1.2774
2022-03-01,EUR,0.8897
2022-03-01,GBP,0.6475
2022-03-02,USD,1.0
2022-03-02,CAD,1.2492
2022-03-02,AUD,1.2856
2022-03-02,EUR,0.8907
2022-03-02,GBP,0.6497
2022-03-03,USD,1.0
2022-03-03,CAD,1.2519
2022-03-03,AUD,1.2794
2022-03-03,EUR,0.8954
2022-03-03,GBP,0.6515
2022-03-04,USD,1.0
2022-03-04,CAD,1.2515
2022-03-04,AUD,1.2757
2022-03-04,EUR,0.899
2022-03-04,GBP,0.6526
2022-03-05,USD,1.0
2022-03-05,CAD,1.244
2022-03-05,AUD,1.2833
2022-03-05,EUR,0.9034
2022-03-05,GBP,0.6551
2022-03-06,USD,1.0
2022-03-06,CAD,1.2466
2022-03-06,AUD,1.2761
2022-03-06,EUR,0.9122
2022-03-06,GBP,0.6586
2022-03-07,USD,1.0
2022-03-07,CAD,1.2466
2022-03-07,AUD,1.2761
2022-03-07,EUR,0.9122
2022-03-07,GBP,0.6586
2022-03-08,USD,1.0
2022-03-08,CAD,1.2466
2022-03-08,AUD,1.2761
2022-03-08,EUR,0.9122
2022-03-08,GBP,0.6586
2022-03-09,USD,1.0
2022-03-09,CAD,1.2591
2022-03-09,AUD,1.2931
2022-03-09,EUR,0.9208
2022-03-09,GBP,0.6617
2022-03-10,USD,1.0
2022-03-10,CAD,1.2634
2022-03-10,AUD,1.3069
2022-03-10,EUR,0.9313
2022-03-10,GBP,0.6638
2022-03-11,USD,1.0
2022-03-11,CAD,1.2698
2022-03-11,AUD,1.314
2022-03-11,EUR,0.9454
2022-03-11,GBP,0.6651
2022-03-12,USD,1.0
2022-03-12,CAD,1.2656
2022-03-12,AUD,1.2976
2022-03-12,EUR,0.9422
2022-03-12,GBP,0.6681
2022-03-13,USD,1.0
2022-03-13,CAD,1.2734
2022-03-13,AUD,1.3053
2022-03-13,EUR,0.9459
2022-03-13,GBP,0.6766
2022-03-14,USD,1.0
2022-03-14,CAD,1.2734
2022-03-14,AUD,1.3053
2022-03-14,EUR,0.9459
2022-03-14,GBP,0.6766
2022-03-15,USD,1.0
2022-03-15,CAD,1.2734
2022-03-15,AUD,1.3053
2022-03-15,EUR,0.9459
2022-03-15,GBP,0.6766
2022-03-16,USD,1.0
2022-03-16,CAD,1.2781
2022-03-16,AUD,1.3069
2022-03-16,EUR,0.9472
2022-03-16,GBP,0.6755
2022-03-17,USD,1.0
2022-03-17,CAD,1.2774
2022-03-17,AUD,1.3083
2022-03-17,EUR,0.9403
2022-03-17,GBP,0.677
2022-03-18,USD,1.0
2022-03-18,CAD,1.2824
2022-03-18,AUD,1.3124
2022-03-18,EUR,0.9441
2022-03-18,GBP,0.6826
2022-03-19,USD,1.0
2022-03-19,CAD,1.2717
2022-03-19,AUD,1.308
2022-03-19,EUR,0.9366
2022-03-19,GBP,0.6728
2022-03-20,USD,1.0
2022-03-20,CAD,1.2672
2022-03-20,AUD,1.2981
2022-03-20,EUR,0.928
2022-03-20,GBP,0.6733
2022-03-21,USD,1.0
2022-03-21,CAD,1.2672
2022-03-21,AUD,1.2981
2022-03-21,EUR,0.928
2022-03-21,GBP,0.6733
2022-03-22,USD,1.0
2022-03-22,CAD,1.2672
2022-03-22,AUD,1.2981
2022-03-22,EUR,0.928
2022-03-22,GBP,0.6733
2022-03-23,USD,1.0
2022-03-23,CAD,1.2525
2022-03-23,AUD,1.2773
2022-03-23,EUR,0.9164
2022-03-23,GBP,0.6706
2022-03-24,USD,1.0
2022-03-24,CAD,1.2465
2022-03-24,AUD,1.2642
2022-03-24,EUR,0.9132
2022-03-24,GBP,0.6707
2022-03-25,USD,1.0
2022-03-25,CAD,1.2482
2022-03-25,AUD,1.2676
2022-03-25,EUR,0.9103
2022-03-25,GBP,0.6705
2022-03-26,USD,1.0
2022-03-26,CAD,1.2442
2022-03-26,AUD,1.2749
2022-03-26,EUR,0.9113
2022-03-26,GBP,0.6717
2022-03-27,USD,1.0
2022-03-27,CAD,1.2509
2022-03-27,AUD,1.2841
2022-03-27,EUR,0.9211
2022-03-27,GBP,0.6723
2022-03-28,USD,1.0
2022-03-28,CAD,1.2509
2022-03-28,AUD,1.2841
2022-03-28,EUR,0.9211
2022-03-28,GBP,0.6723
2022-03-29,USD,1.0
2022-03-29,CAD,1.2509
2022-03-29,AUD,1.2841
2022-03-29,EUR,0.9211
2022-03-29,GBP,0.6723
2022-03-30,USD,1.0
2022-03-30,CAD,1.2641
2022-03-30,AUD,1.3055
2022-03-30,EUR,0.9221
2022-03-30,GBP,0.6757
2022-03-31,USD,1.0
2022-03-31,CAD,1.2769
2022-03-31,AUD,1.3155
2022-03-31,EUR,0.9295
2022-03-31,GBP,0.676
2022-04-01,USD,1.0
2022-04-01,CAD,1.2675
2022-04-01,AUD,1.3159
2022-04-01,EUR,0.9298
2022-04-01,GBP,0.6774
2022-04-02,USD,1.0
2022-04-02,CAD,1.2644
2022-04-02,AUD,1.3244
2022-04-02,EUR,0.9234
2022-04-02,GBP,0.6755
2022-04-03,USD,1.0
2022-04-03,CAD,1.2644
2022-04-03,AUD,1.3244
2022-04-03,EUR,0.9234
2022-04-03,GBP,0.6755
2022-04-04,USD,1.0
2022-04-04,CAD,1.2644
2022-04-04,AUD,1.3244
2022-04-04,EUR,0.9234
2022-04-04,GBP,0.6755
2022-04-05,USD,1.0
2022-04-05,CAD,1.2644
2022-04-05,AUD,1.3244
2022-04-05,EUR,0.9234
2022-04-05,GBP,0.6755
2022-04-06,USD,1.0
2022-04-06,CAD,1.2644
2022-04-06,AUD,1.3244
2022-04-06,EUR,0.9234
2022-04-06,GBP,0.6755
2022-04-07,USD,1.0
2022-04-07,CAD,1.2504
2022-04-07,AUD,1.3084
2022-04-07,EUR,0.9219
2022-04-07,GBP,0.6717
2022-04-08,USD,1.0
2022-04-08,CAD,1.2417
2022-04-08,AUD,1.2961
2022-04-08,EUR,0.9206
2022-04-08,GBP,0.6688
2022-04-09,USD,1.0
2022-04-09,CAD,1.2524
2022-04-09,AUD,1.2949
2022-04-09,EUR,0.9282
2022-04-09,GBP,0.6746
2022-04-10,USD,1.0
2022-04-10,CAD,1.2664
2022-04-10,AUD,1.3079
2022-04-10,EUR,0.9461
2022-04-10,GBP,0.6853
2022-04-11,USD,1.0
2022-04-11,CAD,1.2664
2022-04-11,AUD,1.3079
2022-04-11,EUR,0.9461
2022-04-11,GBP,0.6853
2022-04-12,USD,1.0
2022-04-12,CAD,1.2664
2022-04-12,AUD,1.3079
2022-04-12,EUR,0.9461
2022-04-12,GBP,0.6853
2022-04-13,USD,1.0
2022-04-13,CAD,1.2627
2022-04-13,AUD,1.3197
2022-04-13,EUR,0.9477
2022-04-13,GBP,0.6838
2022-04-14,USD,1.0
2022-04-14,CAD,1.2582
2022-04-14,AUD,1.3192
2022-04-14,EUR,0.9466
2022-04-14,GBP,0.6832
2022-04-15,USD,1.0
2022-04-15,CAD,1.255
2022-04-15,AUD,1.3182
2022-04-15,EUR,0.9453
2022-04-15,GBP,0.6776
2022-04-16,USD,1.0
2022-04-16,CAD,1.2305
2022-04-16,AUD,1.2875
2022-04-16,EUR,0.9336
2022-04-16,GBP,0.6712
2022-04-17,USD,1.0
2022-04-17,CAD,1.2191
2022-04-17,AUD,1.28
2022-04-17,EUR,0.9247
2022-04-17,GBP,0.6657
2022-04-18,USD,1.0
2022-04-18,CAD,1.2191
2022-04-18,AUD,1.28
2022-04-18,EUR,0.9247
2022-04-18,GBP,0.6657
2022-04-19,USD,1.0
2022-04-19,CAD,1.2191
2022-04-19,AUD,1.28
2022-04-19,EUR,0.9247
2022-04-19,GBP,0.6657
2022-04-20,USD,1.0
2022-04-20,CAD,1.2252
2022-04-20,AUD,1.2891
2022-04-20,EUR,0.9326
2022-04-20,GBP,0.671
2022-04-21,USD,1.0
2022-04-21,CAD,1.2229
2022-04-21,AUD,1.2917
2022-04-21,EUR,0.9346
2022-04-21,GBP,0.6717
2022-04-22,USD,1.0
2022-04-22,CAD,1.2242
2022-04-22,AUD,1.2842
2022-04-22,EUR,0.9308
2022-04-22,GBP,0.6636
2022-04-23,USD,1.0
2022-04-23,CAD,1.2226
2022-04-23,AUD,1.2938
2022-04-23,EUR,0.9283
2022-04-23,GBP,0.6656
2022-04-24,USD,1.0
2022-04-24,CAD,1.2119
2022-04-24,AUD,1.2827
2022-04-24,EUR,0.9239
2022-04-24,GBP,0.6614
2022-04-25,USD,1.0
2022-04-25,CAD,1.2119
2022-04-25,AUD,1.2827
2022-04-25,EUR,0.9239
2022-04-25,GBP,0.6614
2022-04-26,USD,1.0
2022-04-26,CAD,1.2119
2022-04-26,AUD,1.2827
2022-04-26,EUR,0.9239
2022-04-26,GBP,0.6614
2022-04-27,USD,1.0
2022-04-27,CAD,1.2156
2022-04-27,AUD,1.2814
2022-04-27,EUR,0.924
2022-04-27,GBP,0.6618
2022-04-28,USD,1.0
2022-04-28,CAD,1.2069
2022-04-28,AUD,1.2585
2022-04-28,EUR,0.9152
2022-04-28,GBP,0.6543
2022-04-29,USD,1.0
2022-04-29,CAD,1.2054
2022-04-29,AUD,1.2509
2022-04-29,EUR,0.9089
2022-04-29,GBP,0.6509
2022-04-30,USD,1.0
2022-04-30,CAD,1.202
2022-04-30,AUD,1.2627
2022-04-30,EUR,0.8917
2022-04-30,GBP,0.648
2022-05-01,USD,1.0
2022-05-01,CAD,1.202
2022-05-01,AUD,1.2627
2022-05-01,EUR,0.8917
2022-05-01,GBP,0.648
2022-05-02,USD,1.0
2022-05-02,CAD,1.202
2022-05-02,AUD,1.2627
2022-05-02,EUR,0.8917
2022-05-02,GBP,0.648
2022-05-03,USD,1.0
2022-05-03,CAD,1.202
2022-05-03,AUD,1.2627
2022-05-03,EUR,0.8917
2022-05-03,GBP,0.648
2022-05-04,USD,1.0
2022-05-04,CAD,1.2116
2022-05-04,AUD,1.2756
2022-05-04,EUR,0.8967
2022-05-04,GBP,0.6617
2022-05-05,USD,1.0
2022-05-05,CAD,1.209
2022-05-05,AUD,1.27
2022-05-05,EUR,0.8995
2022-05-05,GBP,0.6611
2022-05-06,USD,1.0
2022-05-06,CAD,1.201
2022-05-06,AUD,1.2493
2022-05-06,EUR,0.8905
2022-05-06,GBP,0.6568
2022-05-07,USD,1.0
2022-05-07,CAD,1.207
2022-05-07,AUD,1.2548
2022-05-07,EUR,0.8846
2022-05-07,GBP,0.6568
2022-05-08,USD,1.0
2022-05-08,CAD,1.2103
2022-05-08,AUD,1.2638
2022-05-08,EUR,0.8912
2022-05-08,GBP,0.6488
2022-05-09,USD,1.0
2022-05-09,CAD,1.2103
2022-05-09,AUD,1.2638
2022-05-09,EUR,0.8912
2022-05-09,GBP,0.6488
2022-05-10,USD,1.0
2022-05-10,CAD,1.2103
2022-05-10,AUD,1.2638
2022-05-10,EUR,0.8912
2022-05-10,GBP,0.6488
2022-05-11,USD,1.0
2022-05-11,CAD,1.2114
2022-05-11,AUD,1.267
2022-05-11,EUR,0.8975
2022-05-11,GBP,0.6458
2022-05-12,USD,1.0
2022-05-12,CAD,1.204
2022-05-12,AUD,1.2519
2022-05-12,EUR,0.8898
2022-05-12,GBP,0.6374
2022-05-13,USD,1.0
2022-05-13,CAD,1.1974
2022-05-13,AUD,1.2428
2022-05-13,EUR,0.8912
2022-05-13,GBP,0.6393
2022-05-14,USD,1.0
2022-05-14,CAD,1.1949
2022-05-14,AUD,1.2336
2022-05-14,EUR,0.8757
2022-05-14,GBP,0.6332
2022-05-15,USD,1.0
2022-05-15,CAD,1.2037
2022-05-15,AUD,1.2499
2022-05-15,EUR,0.8828
2022-05-15,GBP,0.6366
2022-05-16,USD,1.0
2022-05-16,CAD,1.2037
2022-05-16,AUD,1.2499
2022-05-16,EUR,0.8828
2022-05-16,GBP,0.6366
2022-05-17,USD,1.0
2022-05-17,CAD,1.2037
2022-05-17,AUD,1.2499
2022-05-17,EUR,0.8828
2022-05-17,GBP,0.6366
2022-05-18,USD,1.0
2022-05-18,CAD,1.2058
2022-05-18,AUD,1.2493
2022-05-18,EUR,0.878
2022-05-18,GBP,0.6383
2022-05-19,USD,1.0
2022-05-19,CAD,1.2181
2022-05-19,AUD,1.2547
2022-05-19,EUR,0.8945
2022-05-19,GBP,0.6457
2022-05-20,USD,1.0
2022-05-20,CAD,1.2213
2022-05-20,AUD,1.2655
2022-05-20,EUR,0.8994
2022-05-20,GBP,0.6437
2022-05-21,USD,1.0
2022-05-21,CAD,1.2216
2022-05-21,AUD,1.2676
2022-05-21,EUR,0.8982
2022-05-21,GBP,0.6377
2022-05-22,USD,1.0
2022-05-22,CAD,1.22
2022-05-22,AUD,1.2686
2022-05-22,EUR,0.8957
2022-05-22,GBP,0.6394
2022-05-23,USD,1.0
2022-05-23,CAD,1.22
2022-05-23,AUD,1.2686
2022-05-23,EUR,0.8957
2022-05-23,GBP,0.6394
2022-05-24,USD,1.0
2022-05-24,CAD,1.22
2022-05-24,AUD,1.2686
2022-05-24,EUR,0.8957
2022-05-24,GBP,0.6394
2022-05-25,USD,1.0
2022-05-25,CAD,1.2294
2022-05-25,AUD,1.2774
2022-05-25,EUR,0.9109
2022-05-25,GBP,0.6467
2022-05-26,USD,1.0
2022-05-26,CAD,1.2374
2022-05-26,AUD,1.2832
2022-05-26,EUR,0.9152
2022-05-26,GBP,0.6495
2022-05-27,USD,1.0
2022-05-27,CAD,1.2456
2022-05-27,AUD,1.297
2022-05-27,EUR,0.9206
2022-05-27,GBP,0.6508
2022-05-28,USD,1.0
2022-05-28,CAD,1.2476
2022-05-28,AUD,1.3094
2022-05-28,EUR,0.9178
2022-05-28,GBP,0.6538
2022-05-29,USD,1.0
2022-05-29,CAD,1.2443
2022-05-29,AUD,1.307
2022-05-29,EUR,0.9116
2022-05-29,GBP,0.6554
2022-05-30,USD,1.0
2022-05-30,CAD,1.2443
2022-05-30,AUD,1.307
2022-05-30,EUR,0.9116
2022-05-30,GBP,0.6554
2022-05-31,USD,1.0
2022-05-31,CAD,1.2443
2022-05-31,AUD,1.307
2022-05-31,EUR,0.9116
2022-05-31,GBP,0.6554
2022-06-01,USD,1.0
2022-06-01,CAD,1.2494
2022-06-01,AUD,1.3104
2022-06-01,EUR,0.9137
2022-06-01,GBP,0.6572
2022-06-02,USD,1.0
2022-06-02,CAD,1.2498
2022-06-02,AUD,1.3004
2022-06-02,EUR,0.9067
2022-06-02,GBP,0.6567
2022-06-03,USD,1.0
2022-06-03,CAD,1.2445
2022-06-03,AUD,1.2862
2022-06-03,EUR,0.8981
2022-06-03,GBP,0.6534
2022-06-04,USD,1.0
2022-06-04,CAD,1.2449
2022-06-04,AUD,1.2917
2022-06-04,EUR,0.8836
2022-06-04,GBP,0.6498
2022-06-05,USD,1.0
2022-06-05,CAD,1.25
2022-06-05,AUD,1.2956
2022-06-05,EUR,0.8914
2022-06-05,GBP,0.6523
2022-06-06,USD,1.0
2022-06-06,CAD,1.25
2022-06-06,AUD,1.2956
2022-06-06,EUR,0.8914
2022-06-06,GBP,0.6523
2022-06-07,USD,1.0
2022-06-07,CAD,1.25
2022-06-07,AUD,1.2956
2022-06-07,EUR,0.8914
2022-06-07,GBP,0.6523
2022-06-08,USD,1.0
2022-06-08,CAD,1.2434
2022-06-08,AUD,1.3094
2022-06-08,EUR,0.8959
2022-06-08,GBP,0.6556
2022-06-09,USD,1.0
2022-06-09,CAD,1.2347
2022-06-09,AUD,1.2984
2022-06-09,EUR,0.889
2022-06-09,GBP,0.6537
2022-06-10,USD,1.0
2022-06-10,CAD,1.2236
2022-06-10,AUD,1.2919
2022-06-10,EUR,0.8866
2022-06-10,GBP,0.6458
2022-06-11,USD,1.0
2022-06-11,CAD,1.2321
2022-06-11,AUD,1.2939
2022-06-11,EUR,0.8903
2022-06-11,GBP,0.6469
2022-06-12,USD,1.0
2022-06-12,CAD,1.2303
2022-06-12,AUD,1.2977
2022-06-12,EUR,0.8913
2022-06-12,GBP,0.6457
2022-06-13,USD,1.0
2022-06-13,CAD,1.2303
2022-06-13,AUD,1.2977
2022-06-13,EUR,0.8913
2022-06-13,GBP,0.6457
2022-06-14,USD,1.0
2022-06-14,CAD,1.2303
2022-06-14,AUD,1.2977
2022-06-14,EUR,0.8913
2022-06-14,GBP,0.6457
2022-06-15,USD,1.0
2022-06-15,CAD,1.2342
2022-06-15,AUD,1.2895
2022-06-15,EUR,0.8914
2022-06-15,GBP,0.6449
2022-06-16,USD,1.0
2022-06-16,CAD,1.2343
2022-06-16,AUD,1.2913
2022-06-16,EUR,0.8917
2022-06-16,GBP,0.6404
2022-06-17,USD,1.0
2022-06-17,CAD,1.2312
2022-06-17,AUD,1.3028
2022-06-17,EUR,0.8866
2022-06-17,GBP,0.6357
2022-06-18,USD,1.0
2022-06-18,CAD,1.216
2022-06-18,AUD,1.2776
2022-06-18,EUR,0.8769
2022-06-18,GBP,0.6285
2022-06-19,USD,1.0
2022-06-19,CAD,1.2271
2022-06-19,AUD,1.2914
2022-06-19,EUR,0.885
2022-06-19,GBP,0.6314
2022-06-20,USD,1.0
2022-06-20,CAD,1.2271
2022-06-20,AUD,1.2914
2022-06-20,EUR,0.885
2022-06-20,GBP,0.6314
2022-06-21,USD,1.0
2022-06-21,CAD,1.2271
2022-06-21,AUD,1.2914
2022-06-21,EUR,0.885
2022-06-21,GBP,0.6314
2022-06-22,USD,1.0
2022-06-22,CAD,1.2234
2022-06-22,AUD,1.2883
2022-06-22,EUR,0.8814
2022-06-22,GBP,0.6319
2022-06-23,USD,1.0
2022-06-23,CAD,1.2339
2022-06-23,AUD,1.2976
2022-06-23,EUR,0.8925
2022-06-23,GBP,0.6338
2022-06-24,USD,1.0
2022-06-24,CAD,1.2301
2022-06-24,AUD,1.2907
2022-06-24,EUR,0.8918
2022-06-24,GBP,0.6348
2022-06-25,USD,1.0
2022-06-25,CAD,1.2384
2022-06-25,AUD,1.2919
2022-06-25,EUR,0.8924
2022-06-25,GBP,0.6359
2022-06-26,USD,1.0
2022-06-26,CAD,1.2365
2022-06-26,AUD,1.3061
2022-06-26,EUR,0.8927
2022-06-26,GBP,0.6359
2022-06-27,USD,1.0
2022-06-27,CAD,1.2365
2022-06-27,AUD,1.3061
2022-06-27,EUR,0.8927
2022-06-27,GBP,0.6359
2022-06-28,USD,1.0
2022-06-28,CAD,1.2365
2022-06-28,AUD,1.3061
2022-06-28,EUR,0.8927
2022-06-28,GBP,0.6359
2022-06-29,USD,1.0
2022-06-29,CAD,1.2374
2022-06-29,AUD,1.3048
2022-06-29,EUR,0.8982
2022-06-29,GBP,0.6364
2022-06-30,USD,1.0
2022-06-30,CAD,1.2368
2022-06-30,AUD,1.3004
2022-06-30,EUR,0.8937
2022-06-30,GBP,0.6358
2022-07-01,USD,1.0
2022-07-01,CAD,1.2524
2022-07-01,AUD,1.3025
2022-07-01,EUR,0.9009
2022-07-01,GBP,0.6388
2022-07-02,USD,1.0
2022-07-02,CAD,1.2618
2022-07-02,AUD,1.3169
2022-07-02,EUR,0.9037
2022-07-02,GBP,0.6419
2022-07-03,USD,1.0
2022-07-03,CAD,1.2582
2022-07-03,AUD,1.329
2022-07-03,EUR,0.9012
2022-07-03,GBP,0.6401
2022-07-04,USD,1.0
2022-07-04,CAD,1.2582
2022-07-04,AUD,1.329
2022-07-04,EUR,0.9012
2022-07-04,GBP,0.6401
2022-07-05,USD,1.0
2022-07-05,CAD,1.2582
2022-07-05,AUD,1.329
2022-07-05,EUR,0.9012
2022-07-05,GBP,0.6401
2022-07-06,USD,1.0
2022-07-06,CAD,1.264
2022-07-06,AUD,1.3343
2022-07-06,EUR,0.9084
2022-07-06,GBP,0.6432
2022-07-07,USD,1.0
2022-07-07,CAD,1.2739
2022-07-07,AUD,1.3468
2022-07-07,EUR,0.9148
2022-07-07,GBP,0.6474
2022-07-08,USD,1.0
2022-07-08,CAD,1.2743
2022-07-08,AUD,1.3485
2022-07-08,EUR,0.9071
2022-07-08,GBP,0.6507
2022-07-09,USD,1.0
2022-07-09,CAD,1.2685
2022-07-09,AUD,1.3403
2022-07-09,EUR,0.9046
2022-07-09,GBP,0.6492
2022-07-10,USD,1.0
2022-07-10,CAD,1.2706
2022-07-10,AUD,1.3388
2022-07-10,EUR,0.8941
2022-07-10,GBP,0.6444
2022-07-11,USD,1.0
2022-07-11,CAD,1.2706
2022-07-11,AUD,1.3388
2022-07-11,EUR,0.8941
2022-07-11,GBP,0.6444
2022-07-12,USD,1.0
2022-07-12,CAD,1.2706
2022-07-12,AUD,1.3388
2022-07-12,EUR,0.8941
2022-07-12,GBP,0.6444
2022-07-13,USD,1.0
2022-07-13,CAD,1.2721
2022-07-13,AUD,1.3462
2022-07-13,EUR,0.9051
2022-07-13,GBP,0.6439
2022-07-14,USD,1.0
2022-07-14,CAD,1.276
2022-07-14,AUD,1.3442
2022-07-14,EUR,0.9065
2022-07-14,GBP,0.6422
2022-07-15,USD,1.0
2022-07-15,CAD,1.2744
2022-07-15,AUD,1.3401
2022-07-15,EUR,0.9083
2022-07-15,GBP,0.6399
2022-07-16,USD,1.0
2022-07-16,CAD,1.2947
2022-07-16,AUD,1.3539
2022-07-16,EUR,0.9202
2022-07-16,GBP,0.6424
2022-07-17,USD,1.0
2022-07-17,CAD,1.2978
2022-07-17,AUD,1.3511
2022-07-17,EUR,0.9184
2022-07-17,GBP,0.6413
2022-07-18,USD,1.0
2022-07-18,CAD,1.2978
2022-07-18,AUD,1.3511
2022-07-18,EUR,0.9184
2022-07-18,GBP,0.6413
2022-07-19,USD,1.0
2022-07-19,CAD,1.2978
2022-07-19,AUD,1.3511
2022-07-19,EUR,0.9184
2022-07-19,GBP,0.6413
2022-07-20,USD,1.0
2022-07-20,CAD,1.2985
2022-07-20,AUD,1.3549
2022-07-20,EUR,0.9215
2022-07-20,GBP,0.6424
2022-07-21,USD,1.0
2022-07-21,CAD,1.2992
2022-07-21,AUD,1.357
2022-07-21,EUR,0.9202
2022-07-21,GBP,0.643
2022-07-22,USD,1.0
2022-07-22,CAD,1.2995
2022-07-22,AUD,1.3543
2022-07-22,EUR,0.9173
2022-07-22,GBP,0.6404
2022-07-23,USD,1.0
2022-07-23,CAD,1.2975
2022-07-23,AUD,1.3496
2022-07-23,EUR,0.9092
2022-07-23,GBP,0.6404
2022-07-24,USD,1.0
2022-07-24,CAD,1.3091
2022-07-24,AUD,1.3765
2022-07-24,EUR,0.9142
2022-07-24,GBP,0.6462
2022-07-25,USD,1.0
2022-07-25,CAD,1.3091
2022-07-25,AUD,1.3765
2022-07-25,EUR,0.9142
2022-07-25,GBP,0.6462
2022-07-26,USD,1.0
2022-07-26,CAD,1.3091
2022-07-26,AUD,1.3765
2022-07-26,EUR,0.9142
2022-07-26,GBP,0.6462
2022-07-27,USD,1.0
2022-07-27,CAD,1.303
2022-07-27,AUD,1.3731
2022-07-27,EUR,0.9043
2022-07-27,GBP,0.6445
2022-07-28,USD,1.0
2022-07-28,CAD,1.3014
2022-07-28,AUD,1.3686
2022-07-28,EUR,0.907
2022-07-28,GBP,0.6416
2022-07-29,USD,1.0
2022-07-29,CAD,1.2955
2022-07-29,AUD,1.3691
2022-07-29,EUR,0.9066
2022-07-29,GBP,0.6394
2022-07-30,USD,1.0
2022-07-30,CAD,1.298
2022-07-30,AUD,1.3752
2022-07-30,EUR,0.9128
2022-07-30,GBP,0.6399
2022-07-31,USD,1.0
2022-07-31,CAD,1.3048
2022-07-31,AUD,1.3805
2022-07-31,EUR,0.9118
2022-07-31,GBP,0.642
2022-08-01,USD,1.0
2022-08-01,CAD,1.3048
2022-08-01,AUD,1.3805
2022-08-01,EUR,0.9118
2022-08-01,GBP,0.642
2022-08-02,USD,1.0
2022-08-02,CAD,1.3048
2022-08-02,AUD,1.3805
2022-08-02,EUR,0.9118
2022-08-02,GBP,0.642
2022-08-03,USD,1.0
2022-08-03,CAD,1.3153
2022-08-03,AUD,1.3762
2022-08-03,EUR,0.9132
2022-08-03,GBP,0.6418
2022-08-04,USD,1.0
2022-08-04,CAD,1.313
2022-08-04,AUD,1.3516
2022-08-04,EUR,0.9113
2022-08-04,GBP,0.6404
2022-08-05,USD,1.0
2022-08-05,CAD,1.3171
2022-08-05,AUD,1.3558
2022-08-05,EUR,0.9189
2022-08-05,GBP,0.6398
2022-08-06,USD,1.0
2022-08-06,CAD,1.3168
2022-08-06,AUD,1.3642
2022-08-06,EUR,0.9187
2022-08-06,GBP,0.6444
2022-08-07,USD,1.0
2022-08-07,CAD,1.3082
2022-08-07,AUD,1.3535
2022-08-07,EUR,0.914
2022-08-07,GBP,0.6445
2022-08-08,USD,1.0
2022-08-08,CAD,1.3082
2022-08-08,AUD,1.3535
2022-08-08,EUR,0.914
2022-08-08,GBP,0.6445
2022-08-09,USD,1.0
2022-08-09,CAD,1.3082
2022-08-09,AUD,1.3535
2022-08-09,EUR,0.914
2022-08-09,GBP,0.6445
2022-08-10,USD,1.0
2022-08-10,CAD,1.3131
2022-08-10,AUD,1.358
2022-08-10,EUR,0.9124
2022-08-10,GBP,0.6452
2022-08-11,USD,1.0
2022-08-11,CAD,1.3075
2022-08-11,AUD,1.3652
2022-08-11,EUR,0.9046
2022-08-11,GBP,0.6412
2022-08-12,USD,1.0
2022-08-12,CAD,1.2969
2022-08-12,AUD,1.3562
2022-08-12,EUR,0.8965
2022-08-12,GBP,0.6409
2022-08-13,USD,1.0
2022-08-13,CAD,1.3012
2022-08-13,AUD,1.3611
2022-08-13,EUR,0.9002
2022-08-13,GBP,0.6397
2022-08-14,USD,1.0
2022-08-14,CAD,1.3044
2022-08-14,AUD,1.3537
2022-08-14,EUR,0.8952
2022-08-14,GBP,0.6396
2022-08-15,USD,1.0
2022-08-15,CAD,1.3044
2022-08-15,AUD,1.3537
2022-08-15,EUR,0.8952
2022-08-15,GBP,0.6396
2022-08-16,USD,1.0
2022-08-16,CAD,1.3044
2022-08-16,AUD,1.3537
2022-08-16,EUR,0.8952
2022-08-16,GBP,0.6396
2022-08-17,USD,1.0
2022-08-17,CAD,1.3136
2022-08-17,AUD,1.36
2022-08-17,EUR,0.9009
2022-08-17,GBP,0.6401
2022-08-18,USD,1.0
2022-08-18,CAD,1.3105
2022-08-18,AUD,1.3621
2022-08-18,EUR,0.9042
2022-08-18,GBP,0.6367
2022-08-19,USD,1.0
2022-08-19,CAD,1.307
2022-08-19,AUD,1.3609
2022-08-19,EUR,0.9057
2022-08-19,GBP,0.6384
2022-08-20,USD,1.0
2022-08-20,CAD,1.3126
2022-08-20,AUD,1.367
2022-08-20,EUR,0.8942
2022-08-20,GBP,0.6383
2022-08-21,USD,1.0
2022-08-21,CAD,1.3108
2022-08-21,AUD,1.3637
2022-08-21,EUR,0.8864
2022-08-21,GBP,0.6381
2022-08-22,USD,1.0
2022-08-22,CAD,1.3108
2022-08-22,AUD,1.3637
2022-08-22,EUR,0.8864
2022-08-22,GBP,0.6381
2022-08-23,USD,1.0
2022-08-23,CAD,1.3108
2022-08-23,AUD,1.3637
2022-08-23,EUR,0.8864
2022-08-23,GBP,0.6381
2022-08-24,USD,1.0
2022-08-24,CAD,1.3252
2022-08-24,AUD,1.3832
2022-08-24,EUR,0.8698
2022-08-24,GBP,0.6351
2022-08-25,USD,1.0
2022-08-25,CAD,1.3194
2022-08-25,AUD,1.3851
2022-08-25,EUR,0.8691
2022-08-25,GBP,0.6336
2022-08-26,USD,1.0
2022-08-26,CAD,1.3265
2022-08-26,AUD,1.4
2022-08-26,EUR,0.877
2022-08-26,GBP,0.6415
2022-08-27,USD,1.0
2022-08-27,CAD,1.3226
2022-08-27,AUD,1.3993
2022-08-27,EUR,0.8862
2022-08-27,GBP,0.648
2022-08-28,USD,1.0
2022-08-28,CAD,1.3271
2022-08-28,AUD,1.4012
2022-08-28,EUR,0.8875
2022-08-28,GBP,0.6497
2022-08-29,USD,1.0
2022-08-29,CAD,1.3271
2022-08-29,AUD,1.4012
2022-08-29,EUR,0.8875
2022-08-29,GBP,0.6497
2022-08-30,USD,1.0
2022-08-30,CAD,1.3271
2022-08-30,AUD,1.4012
2022-08-30,EUR,0.8875
2022-08-30,GBP,0.6497
2022-08-31,USD,1.0
2022-08-31,CAD,1.3253
2022-08-31,AUD,1.4046
2022-08-31,EUR,0.8917
2022-08-31,GBP,0.6487
2022-09-01,USD,1.0
2022-09-01,CAD,1.3222
2022-09-01,AUD,1.4201
2022-09-01,EUR,0.89
2022-09-01,GBP,0.6522
2022-09-02,USD,1.0
2022-09-02,CAD,1.3255
2022-09-02,AUD,1.427
2022-09-02,EUR,0.8885
2022-09-02,GBP,0.6547
2022-09-03,USD,1.0
2022-09-03,CAD,1.3263
2022-09-03,AUD,1.428
2022-09-03,EUR,0.8906
2022-09-03,GBP,0.6541
2022-09-04,USD,1.0
2022-09-04,CAD,1.323
2022-09-04,AUD,1.4319
2022-09-04,EUR,0.8978
2022-09-04,GBP,0.6568
2022-09-05,USD,1.0
2022-09-05,CAD,1.323
2022-09-05,AUD,1.4319
2022-09-05,EUR,0.8978
2022-09-05,GBP,0.6568
2022-09-06,USD,1.0
2022-09-06,CAD,1.323
2022-09-06,AUD,1.4319
2022-09-06,EUR,0.8978
2022-09-06,GBP,0.6568
2022-09-07,USD,1.0
2022-09-07,CAD,1.328
2022-09-07,AUD,1.4411
2022-09-07,EUR,0.8972
2022-09-07,GBP,0.6553
2022-09-08,USD,1.0
2022-09-08,CAD,1.3221
2022-09-08,AUD,1.4313
2022-09-08,EUR,0.8959
2022-09-08,GBP,0.649
2022-09-09,USD,1.0
2022-09-09,CAD,1.3248
2022-09-09,AUD,1.4238
2022-09-09,EUR,0.8977
2022-09-09,GBP,0.651
2022-09-10,USD,1.0
2022-09-10,CAD,1.3252
2022-09-10,AUD,1.4154
2022-09-10,EUR,0.8941
2022-09-10,GBP,0.6496
2022-09-11,USD,1.0
2022-09-11,CAD,1.3263
2022-09-11,AUD,1.416
2022-09-11,EUR,0.8875
2022-09-11,GBP,0.6484
2022-09-12,USD,1.0
2022-09-12,CAD,1.3263
2022-09-12,AUD,1.416
2022-09-12,EUR,0.8875
2022-09-12,GBP,0.6484
2022-09-13,USD,1.0
2022-09-13,CAD,1.3263
2022-09-13,AUD,1.416
2022-09-13,EUR,0.8875
2022-09-13,GBP,0.6484
2022-09-14,USD,1.0
2022-09-14,CAD,1.3253
2022-09-14,AUD,1.4042
2022-09-14,EUR,0.8846
2022-09-14,GBP,0.6487
2022-09-15,USD,1.0
2022-09-15,CAD,1.3237
2022-09-15,AUD,1.4033
2022-09-15,EUR,0.8834
2022-09-15,GBP,0.6489
2022-09-16,USD,1.0
2022-09-16,CAD,1.325
2022-09-16,AUD,1.3962
2022-09-16,EUR,0.8906
2022-09-16,GBP,0.6472
2022-09-17,USD,1.0
2022-09-17,CAD,1.3194
2022-09-17,AUD,1.3946
2022-09-17,EUR,0.884
2022-09-17,GBP,0.6441
2022-09-18,USD,1.0
2022-09-18,CAD,1.3027
2022-09-18,AUD,1.3757
2022-09-18,EUR,0.8757
2022-09-18,GBP,0.6391
2022-09-19,USD,1.0
2022-09-19,CAD,1.3027
2022-09-19,AUD,1.3757
2022-09-19,EUR,0.8757
2022-09-19,GBP,0.6391
2022-09-20,USD,1.0
2022-09-20,CAD,1.3027
2022-09-20,AUD,1.3757
2022-09-20,EUR,0.8757
2022-09-20,GBP,0.6391
2022-09-21,USD,1.0
2022-09-21,CAD,1.3183
2022-09-21,AUD,1.3949
2022-09-21,EUR,0.8889
2022-09-21,GBP,0.6438
2022-09-22,USD,1.0
2022-09-22,CAD,1.3271
2022-09-22,AUD,1.4103
2022-09-22,EUR,0.8965
2022-09-22,GBP,0.6475
2022-09-23,USD,1.0
2022-09-23,CAD,1.3265
2022-09-23,AUD,1.4182
2022-09-23,EUR,0.8969
2022-09-23,GBP,0.6544
2022-09-24,USD,1.0
2022-09-24,CAD,1.3379
2022-09-24,AUD,1.4364
2022-09-24,EUR,0.8896
2022-09-24,GBP,0.6571
2022-09-25,USD,1.0
2022-09-25,CAD,1.3313
2022-09-25,AUD,1.4254
2022-09-25,EUR,0.8968
2022-09-25,GBP,0.6589
2022-09-26,USD,1.0
2022-09-26,CAD,1.3313
2022-09-26,AUD,1.4254
2022-09-26,EUR,0.8968
2022-09-26,GBP,0.6589
2022-09-27,USD,1.0
2022-09-27,CAD,1.3313
2022-09-27,AUD,1.4254
2022-09-27,EUR,0.8968
2022-09-27,GBP,0.6589
2022-09-28,USD,1.0
2022-09-28,CAD,1.3358
2022-09-28,AUD,1.4295
2022-09-28,EUR,0.8953
2022-09-28,GBP,0.6582
2022-09-29,USD,1.0
2022-09-29,CAD,1.3388
2022-09-29,AUD,1.4289
2022-09-29,EUR,0.8925
2022-09-29,GBP,0.6597
2022-09-30,USD,1.0
2022-09-30,CAD,1.342
2022-09-30,AUD,1.4227
2022-09-30,EUR,0.8926
2022-09-30,GBP,0.6592
2022-10-01,USD,1.0
2022-10-01,CAD,1.3269
2022-10-01,AUD,1.4146
2022-10-01,EUR,0.8966
2022-10-01,GBP,0.6605
2022-10-02,USD,1.0
2022-10-02,CAD,1.3239
2022-10-02,AUD,1.422
2022-10-02,EUR,0.8961
2022-10-02,GBP,0.6593
2022-10-03,USD,1.0
2022-10-03,CAD,1.3239
2022-10-03,AUD,1.422
2022-10-03,EUR,0.8961
2022-10-03,GBP,0.6593
2022-10-04,USD,1.0
2022-10-04,CAD,1.3239
2022-10-04,AUD,1.422
2022-10-04,EUR,0.8961
2022-10-04,GBP,0.6593
2022-10-05,USD,1.0
2022-10-05,CAD,1.3114
2022-10-05,AUD,1.4109
2022-10-05,EUR,0.89
2022-10-05,GBP,0.6588
2022-10-06,USD,1.0
2022-10-06,CAD,1.3098
2022-10-06,AUD,1.406
2022-10-06,EUR,0.8909
2022-10-06,GBP,0.6592
2022-10-07,USD,1.0
2022-10-07,CAD,1.3003
2022-10-07,AUD,1.3835
2022-10-07,EUR,0.8876
2022-10-07,GBP,0.6531
2022-10-08,USD,1.0
2022-10-08,CAD,1.3047
2022-10-08,AUD,1.3919
2022-10-08,EUR,0.8886
2022-10-08,GBP,0.6545
2022-10-09,USD,1.0
2022-10-09,CAD,1.2936
2022-10-09,AUD,1.3644
2022-10-09,EUR,0.8801
2022-10-09,GBP,0.6519
2022-10-10,USD,1.0
2022-10-10,CAD,1.2936
2022-10-10,AUD,1.3644
2022-10-10,EUR,0.8801
2022-10-10,GBP,0.6519
2022-10-11,USD,1.0
2022-10-11,CAD,1.2936
2022-10-11,AUD,1.3644
2022-10-11,EUR,0.8801
2022-10-11,GBP,0.6519
2022-10-12,USD,1.0
2022-10-12,CAD,1.2927
2022-10-12,AUD,1.3566
2022-10-12,EUR,0.8793
2022-10-12,GBP,0.6508
2022-10-13,USD,1.0
2022-10-13,CAD,1.3047
2022-10-13,AUD,1.3702
2022-10-13,EUR,0.8792
2022-10-13,GBP,0.6576
2022-10-14,USD,1.0
2022-10-14,CAD,1.2985
2022-10-14,AUD,1.3779
2022-10-14,EUR,0.8764
2022-10-14,GBP,0.6501
2022-10-15,USD,1.0
2022-10-15,CAD,1.29
2022-10-15,AUD,1.3648
2022-10-15,EUR,0.8742
2022-10-15,GBP,0.6466
2022-10-16,USD,1.0
2022-10-16,CAD,1.2927
2022-10-16,AUD,1.378
2022-10-16,EUR,0.8803
2022-10-16,GBP,0.6475
2022-10-17,USD,1.0
2022-10-17,CAD,1.2927
2022-10-17,AUD,1.378
2022-10-17,EUR,0.8803
2022-10-17,GBP,0.6475
2022-10-18,USD,1.0
2022-10-18,CAD,1.2927
2022-10-18,AUD,1.378
2022-10-18,EUR,0.8803
2022-10-18,GBP,0.6475
2022-10-19,USD,1.0
2022-10-19,CAD,1.2945
2022-10-19,AUD,1.3748
2022-10-19,EUR,0.8824
2022-10-19,GBP,0.6456
2022-10-20,USD,1.0
2022-10-20,CAD,1.3003
2022-10-20,AUD,1.3727
2022-10-20,EUR,0.8793
2022-10-20,GBP,0.6464
2022-10-21,USD,1.0
2022-10-21,CAD,1.3003
2022-10-21,AUD,1.3834
2022-10-21,EUR,0.8807
2022-10-21,GBP,0.6473
2022-10-22,USD,1.0
2022-10-22,CAD,1.3124
2022-10-22,AUD,1.3871
2022-10-22,EUR,0.8839
2022-10-22,GBP,0.6465
2022-10-23,USD,1.0
2022-10-23,CAD,1.3067
2022-10-23,AUD,1.3759
2022-10-23,EUR,0.9022
2022-10-23,GBP,0.6492
2022-10-24,USD,1.0
2022-10-24,CAD,1.3067
2022-10-24,AUD,1.3759
2022-10-24,EUR,0.9022
2022-10-24,GBP,0.6492
2022-10-25,USD,1.0
2022-10-25,CAD,1.3067
2022-10-25,AUD,1.3759
2022-10-25,EUR,0.9022
2022-10-25,GBP,0.6492
2022-10-26,USD,1.0
2022-10-26,CAD,1.3152
2022-10-26,AUD,1.3788
2022-10-26,EUR,0.9082
2022-10-26,GBP,0.6524
2022-10-27,USD,1.0
2022-10-27,CAD,1.3219
2022-10-27,AUD,1.3831
2022-10-27,EUR,0.9041
2022-10-27,GBP,0.6522
2022-10-28,USD,1.0
2022-10-28,CAD,1.321
2022-10-28,AUD,1.4018
2022-10-28,EUR,0.9021
2022-10-28,GBP,0.6539
2022-10-29,USD,1.0
2022-10-29,CAD,1.3185
2022-10-29,AUD,1.4132
2022-10-29,EUR,0.9149
2022-10-29,GBP,0.6557
2022-10-30,USD,1.0
2022-10-30,CAD,1.3175
2022-10-30,AUD,1.4109
2022-10-30,EUR,0.9077
2022-10-30,GBP,0.6519
2022-10-31,USD,1.0
2022-10-31,CAD,1.3175
2022-10-31,AUD,1.4109
2022-10-31,EUR,0.9077
2022-10-31,GBP,0.6519
2022-11-01,USD,1.0
2022-11-01,CAD,1.3175
2022-11-01,AUD,1.4109
2022-11-01,EUR,0.9077
2022-11-01,GBP,0.6519
2022-11-02,USD,1.0
2022-11-02,CAD,1.3098
2022-11-02,AUD,1.4011
2022-11-02,EUR,0.9065
2022-11-02,GBP,0.6465
2022-11-03,USD,1.0
2022-11-03,CAD,1.3125
2022-11-03,AUD,1.394
2022-11-03,EUR,0.9111
2022-11-03,GBP,0.6497
2022-11-04,USD,1.0
2022-11-04,CAD,1.307
2022-11-04,AUD,1.3909
2022-11-04,EUR,0.9145
2022-11-04,GBP,0.6487
2022-11-05,USD,1.0
2022-11-05,CAD,1.3158
2022-11-05,AUD,1.3997
2022-11-05,EUR,0.9189
2022-11-05,GBP,0.6548
2022-11-06,USD,1.0
2022-11-06,CAD,1.3201
2022-11-06,AUD,1.3995
2022-11-06,EUR,0.9205
2022-11-06,GBP,0.6606
2022-11-07,USD,1.0
2022-11-07,CAD,1.3201
2022-11-07,AUD,1.3995
2022-11-07,EUR,0.9205
2022-11-07,GBP,0.6606
2022-11-08,USD,1.0
2022-11-08,CAD,1.3201
2022-11-08,AUD,1.3995
2022-11-08,EUR,0.9205
2022-11-08,GBP,0.6606
2022-11-09,USD,1.0
2022-11-09,CAD,1.3256
2022-11-09,AUD,1.4164
2022-11-09,EUR,0.928
2022-11-09,GBP,0.6627
2022-11-10,USD,1.0
2022-11-10,CAD,1.3261
2022-11-10,AUD,1.4181
2022-11-10,EUR,0.9336
2022-11-10,GBP,0.6614
2022-11-11,USD,1.0
2022-11-11,CAD,1.3263
2022-11-11,AUD,1.4169
2022-11-11,EUR,0.9332
2022-11-11,GBP,0.6588
2022-11-12,USD,1.0
2022-11-12,CAD,1.3326
2022-11-12,AUD,1.4053
2022-11-12,EUR,0.9323
2022-11-12,GBP,0.6586
2022-11-13,USD,1.0
2022-11-13,CAD,1.3305
2022-11-13,AUD,1.4007
2022-11-13,EUR,0.929
2022-11-13,GBP,0.6569
2022-11-14,USD,1.0
2022-11-14,CAD,1.3305
2022-11-14,AUD,1.4007
2022-11-14,EUR,0.929
2022-11-14,GBP,0.6569
2022-11-15,USD,1.0
2022-11-15,CAD,1.3305
2022-11-15,AUD,1.4007
2022-11-15,EUR,0.929
2022-11-15,GBP,0.6569
2022-11-16,USD,1.0
2022-11-16,CAD,1.3329
2022-11-16,AUD,1.4091
2022-11-16,EUR,0.9326
2022-11-16,GBP,0.6582
2022-11-17,USD,1.0
2022-11-17,CAD,1.3308
2022-11-17,AUD,1.4021
2022-11-17,EUR,0.9372
2022-11-17,GBP,0.6576
2022-11-18,USD,1.0
2022-11-18,CAD,1.3335
2022-11-18,AUD,1.409
2022-11-18,EUR,0.9376
2022-11-18,GBP,0.6571
2022-11-19,USD,1.0
2022-11-19,CAD,1.329
2022-11-19,AUD,1.3966
2022-11-19,EUR,0.9357
2022-11-19,GBP,0.6548
2022-11-20,USD,1.0
2022-11-20,CAD,1.3313
2022-11-20,AUD,1.3871
2022-11-20,EUR,0.9356
2022-11-20,GBP,0.6559
2022-11-21,USD,1.0
2022-11-21,CAD,1.3313
2022-11-21,AUD,1.3871
2022-11-21,EUR,0.9356
2022-11-21,GBP,0.6559
2022-11-22,USD,1.0
2022-11-22,CAD,1.3313
2022-11-22,AUD,1.3871
2022-11-22,EUR,0.9356
2022-11-22,GBP,0.6559
2022-11-23,USD,1.0
2022-11-23,CAD,1.3378
2022-11-23,AUD,1.3915
2022-11-23,EUR,0.9406
2022-11-23,GBP,0.6608
2022-11-24,USD,1.0
2022-11-24,CAD,1.3359
2022-11-24,AUD,1.3861
2022-11-24,EUR,0.9389
2022-11-24,GBP,0.663
2022-11-25,USD,1.0
2022-11-25,CAD,1.3327
2022-11-25,AUD,1.3793
2022-11-25,EUR,0.9446
2022-11-25,GBP,0.6629
2022-11-26,USD,1.0
2022-11-26,CAD,1.3305
2022-11-26,AUD,1.3838
2022-11-26,EUR,0.9423
2022-11-26,GBP,0.6623
2022-11-27,USD,1.0
2022-11-27,CAD,1.3347
2022-11-27,AUD,1.3884
2022-11-27,EUR,0.9452
2022-11-27,GBP,0.6644
2022-11-28,USD,1.0
2022-11-28,CAD,1.3347
2022-11-28,AUD,1.3884
2022-11-28,EUR,0.9452
2022-11-28,GBP,0.6644
2022-11-29,USD,1.0
2022-11-29,CAD,1.3347
2022-11-29,AUD,1.3884
2022-11-29,EUR,0.9452
2022-11-29,GBP,0.6644
2022-11-30,USD,1.0
2022-11-30,CAD,1.3369
2022-11-30,AUD,1.3868
2022-11-30,EUR,0.9453
2022-11-30,GBP,0.6662
2022-12-01,USD,1.0
2022-12-01,CAD,1.3319
2022-12-01,AUD,1.3717
2022-12-01,EUR,0.9434
2022-12-01,GBP,0.6638
2022-12-02,USD,1.0
2022-12-02,CAD,1.3385
2022-12-02,AUD,1.3653
2022-12-02,EUR,0.9423
2022-12-02,GBP,0.6652
2022-12-03,USD,1.0
2022-12-03,CAD,1.3319
2022-12-03,AUD,1.3635
2022-12-03,EUR,0.9371
2022-12-03,GBP,0.6674
2022-12-04,USD,1.0
2022-12-04,CAD,1.3337
2022-12-04,AUD,1.3666
2022-12-04,EUR,0.9173
2022-12-04,GBP,0.6605
2022-12-05,USD,1.0
2022-12-05,CAD,1.3337
2022-12-05,AUD,1.3666
2022-12-05,EUR,0.9173
2022-12-05,GBP,0.6605
2022-12-06,USD,1.0
2022-12-06,CAD,1.3337
2022-12-06,AUD,1.3666
2022-12-06,EUR,0.9173
2022-12-06,GBP,0.6605
2022-12-07,USD,1.0
2022-12-07,CAD,1.3461
2022-12-07,AUD,1.3738
2022-12-07,EUR,0.9252
2022-12-07,GBP,0.664
2022-12-08,USD,1.0
2022-12-08,CAD,1.3603
2022-12-08,AUD,1.3884
2022-12-08,EUR,0.9195
2022-12-08,GBP,0.6686
2022-12-09,USD,1.0
2022-12-09,CAD,1.357
2022-12-09,AUD,1.3876
2022-12-09,EUR,0.914
2022-12-09,GBP,0.6627
2022-12-10,USD,1.0
2022-12-10,CAD,1.354
2022-12-10,AUD,1.3707
2022-12-10,EUR,0.9138
2022-12-10,GBP,0.6612
2022-12-11,USD,1.0
2022-12-11,CAD,1.3664
2022-12-11,AUD,1.3863
2022-12-11,EUR,0.9132
2022-12-11,GBP,0.6597
2022-12-12,USD,1.0
2022-12-12,CAD,1.3664
2022-12-12,AUD,1.3863
2022-12-12,EUR,0.9132
2022-12-12,GBP,0.6597
2022-12-13,USD,1.0
2022-12-13,CAD,1.3664
2022-12-13,AUD,1.3863
2022-12-13,EUR,0.9132
2022-12-13,GBP,0.6597
2022-12-14,USD,1.0
2022-12-14,CAD,1.3754
2022-12-14,AUD,1.3868
2022-12-14,EUR,0.9105
2022-12-14,GBP,0.661
2022-12-15,USD,1.0
2022-12-15,CAD,1.3712
2022-12-15,AUD,1.3831
2022-12-15,EUR,0.9099
2022-12-15,GBP,0.6599
2022-12-16,USD,1.0
2022-12-16,CAD,1.3766
2022-12-16,AUD,1.389
2022-12-16,EUR,0.9147
2022-12-16,GBP,0.6661
2022-12-17,USD,1.0
2022-12-17,CAD,1.3832
2022-12-17,AUD,1.3926
2022-12-17,EUR,0.9224
2022-12-17,GBP,0.6702
2022-12-18,USD,1.0
2022-12-18,CAD,1.3956
2022-12-18,AUD,1.4033
2022-12-18,EUR,0.9228
2022-12-18,GBP,0.6706
2022-12-19,USD,1.0
2022-12-19,CAD,1.3956
2022-12-19,AUD,1.4033
2022-12-19,EUR,0.9228
2022-12-19,GBP,0.6706
2022-12-20,USD,1.0
2022-12-20,CAD,1.3956
2022-12-20,AUD,1.4033
2022-12-20,EUR,0.9228
2022-12-20,GBP,0.6706
2022-12-21,USD,1.0
2022-12-21,CAD,1.3955
2022-12-21,AUD,1.3954
2022-12-21,EUR,0.92
2022-12-21,GBP,0.6714
2022-12-22,USD,1.0
2022-12-22,CAD,1.3917
2022-12-22,AUD,1.3796
2022-12-22,EUR,0.9131
2022-12-22,GBP,0.6722
2022-12-23,USD,1.0
2022-12-23,CAD,1.3903
2022-12-23,AUD,1.3847
2022-12-23,EUR,0.9161
2022-12-23,GBP,0.6715
2022-12-24,USD,1.0
2022-12-24,CAD,1.387
2022-12-24,AUD,1.377
2022-12-24,EUR,0.9135
2022-12-24,GBP,0.6707
2022-12-25,USD,1.0
2022-12-25,CAD,1.387
2022-12-25,AUD,1.377
2022-12-25,EUR,0.9135
2022-12-25,GBP,0.6707
2022-12-26,USD,1.0
2022-12-26,CAD,1.387
2022-12-26,AUD,1.377
2022-12-26,EUR,0.9135
2022-12-26,GBP,0.6707
2022-12-27,USD,1.0
2022-12-27,CAD,1.387
2022-12-27,AUD,1.377
2022-12-27,EUR,0.9135
2022-12-27,GBP,0.6707
2022-12-28,USD,1.0
2022-12-28,CAD,1.3872
2022-12-28,AUD,1.3765
2022-12-28,EUR,0.9122
2022-12-28,GBP,0.6708
2022-12-29,USD,1.0
2022-12-29,CAD,1.3916
2022-12-29,AUD,1.3747
2022-12-29,EUR,0.9131
2022-12-29,GBP,0.6757
2022-12-30,USD,1.0
2022-12-30,CAD,1.3885
2022-12-30,AUD,1.372
2022-12-30,EUR,0.9152
2022-12-30,GBP,0.6754
2022-12-31,USD,1.0
2022-12-31,CAD,1.3884
2022-12-31,AUD,1.3683
2022-12-31,EUR,0.9185
2022-12-31,GBP,0.6742
2023-01-01,USD,1.0
2023-01-01,CAD,1.3884
2023-01-01,AUD,1.3683
2023-01-01,EUR,0.9185
2023-01-01,GBP,0.6742
2023-01-02,USD,1.0
2023-01-02,CAD,1.3884
2023-01-02,AUD,1.3683
2023-01-02,EUR,0.9185
2023-01-02,GBP,0.6742
2023-01-03,USD,1.0
2023-01-03,CAD,1.3884
2023-01-03,AUD,1.3683
2023-01-03,EUR,0.9185
2023-01-03,GBP,0.6742
2023-01-04,USD,1.0
2023-01-04,CAD,1.3922
2023-01-04,AUD,1.3904
2023-01-04,EUR,0.9176
2023-01-04,GBP,0.6773
2023-01-05,USD,1.0
2023-01-05,CAD,1.3936
2023-01-05,AUD,1.3942
2023-01-05,EUR,0.9306
2023-01-05,GBP,0.6815
2023-01-06,USD,1.0
2023-01-06,CAD,1.4091
2023-01-06,AUD,1.4138
2023-01-06,EUR,0.9309
2023-01-06,GBP,0.6837
2023-01-07,USD,1.0
2023-01-07,CAD,1.4133
2023-01-07,AUD,1.4308
2023-01-07,EUR,0.9201
2023-01-07,GBP,0.6859
2023-01-08,USD,1.0
2023-01-08,CAD,1.4106
2023-01-08,AUD,1.4267
2023-01-08,EUR,0.9207
2023-01-08,GBP,0.6861
2023-01-09,USD,1.0
2023-01-09,CAD,1.4106
2023-01-09,AUD,1.4267
2023-01-09,EUR,0.9207
2023-01-09,GBP,0.6861
2023-01-10,USD,1.0
2023-01-10,CAD,1.4106
2023-01-10,AUD,1.4267
2023-01-10,EUR,0.9207
2023-01-10,GBP,0.6861
2023-01-11,USD,1.0
2023-01-11,CAD,1.4085
2023-01-11,AUD,1.4251
2023-01-11,EUR,0.9184
2023-01-11,GBP,0.6861
2023-01-12,USD,1.0
2023-01-12,CAD,1.4184
2023-01-12,AUD,1.4267
2023-01-12,EUR,0.9228
2023-01-12,GBP,0.6929
2023-01-13,USD,1.0
2023-01-13,CAD,1.4221
2023-01-13,AUD,1.425
2023-01-13,EUR,0.9246
2023-01-13,GBP,0.6936
2023-01-14,USD,1.0
2023-01-14,CAD,1.4364
2023-01-14,AUD,1.4408
2023-01-14,EUR,0.918
2023-01-14,GBP,0.695
2023-01-15,USD,1.0
2023-01-15,CAD,1.4522
2023-01-15,AUD,1.4564
2023-01-15,EUR,0.9163
2023-01-15,GBP,0.6977
2023-01-16,USD,1.0
2023-01-16,CAD,1.4522
2023-01-16,AUD,1.4564
2023-01-16,EUR,0.9163
2023-01-16,GBP,0.6977
2023-01-17,USD,1.0
2023-01-17,CAD,1.4522
2023-01-17,AUD,1.4564
2023-01-17,EUR,0.9163
2023-01-17,GBP,0.6977
2023-01-18,USD,1.0
2023-01-18,CAD,1.4506
2023-01-18,AUD,1.4515
2023-01-18,EUR,0.9181
2023-01-18,GBP,0.7002
2023-01-19,USD,1.0
2023-01-19,CAD,1.4492
2023-01-19,AUD,1.4421
2023-01-19,EUR,0.9201
2023-01-19,GBP,0.7037
2023-01-20,USD,1.0
2023-01-20,CAD,1.4637
2023-01-20,AUD,1.4592
2023-01-20,EUR,0.9168
2023-01-20,GBP,0.706
2023-01-21,USD,1.0
2023-01-21,CAD,1.4459
2023-01-21,AUD,1.4463
2023-01-21,EUR,0.918
2023-01-21,GBP,0.7085
2023-01-22,USD,1.0
2023-01-22,CAD,1.4171
2023-01-22,AUD,1.423
2023-01-22,EUR,0.9252
2023-01-22,GBP,0.6982
2023-01-23,USD,1.0
2023-01-23,CAD,1.4171
2023-01-23,AUD,1.423
2023-01-23,EUR,0.9252
2023-01-23,GBP,0.6982
2023-01-24,USD,1.0
2023-01-24,CAD,1.4171
2023-01-24,AUD,1.423
2023-01-24,EUR,0.9252
2023-01-24,GBP,0.6982
2023-01-25,USD,1.0
2023-01-25,CAD,1.4194
2023-01-25,AUD,1.4328
2023-01-25,EUR,0.9246
2023-01-25,GBP,0.7017
2023-01-26,USD,1.0
2023-01-26,CAD,1.4221
2023-01-26,AUD,1.4349
2023-01-26,EUR,0.9228
2023-01-26,GBP,0.7022
2023-01-27,USD,1.0
2023-01-27,CAD,1.4081
2023-01-27,AUD,1.42
2023-01-27,EUR,0.9184
2023-01-27,GBP,0.6977
2023-01-28,USD,1.0
2023-01-28,CAD,1.4085
2023-01-28,AUD,1.4142
2023-01-28,EUR,0.9172
2023-01-28,GBP,0.6991
2023-01-29,USD,1.0
2023-01-29,CAD,1.4069
2023-01-29,AUD,1.4092
2023-01-29,EUR,0.9158
2023-01-29,GBP,0.6997
2023-01-30,USD,1.0
2023-01-30,CAD,1.4069
2023-01-30,AUD,1.4092
2023-01-30,EUR,0.9158
2023-01-30,GBP,0.6997
2023-01-31,USD,1.0
2023-01-31,CAD,1.4069
2023-01-31,AUD,1.4092
2023-01-31,EUR,0.9158
2023-01-31,GBP,0.6997
2023-02-01,USD,1.0
2023-02-01,CAD,1.4014
2023-02-01,AUD,1.4128
2023-02-01,EUR,0.9188
2023-02-01,GBP,0.6992
2023-02-02,USD,1.0
2023-02-02,CAD,1.4005
2023-02-02,AUD,1.4173
2023-02-02,EUR,0.9158
2023-02-02,GBP,0.6948
2023-02-03,USD,1.0
2023-02-03,CAD,1.3934
2023-02-03,AUD,1.4163
2023-02-03,EUR,0.9147
2023-02-03,GBP,0.689
2023-02-04,USD,1.0
2023-02-04,CAD,1.3712
2023-02-04,AUD,1.3873
2023-02-04,EUR,0.8924
2023-02-04,GBP,0.6835
2023-02-05,USD,1.0
2023-02-05,CAD,1.3751
2023-02-05,AUD,1.3911
2023-02-05,EUR,0.8927
2023-02-05,GBP,0.6872
2023-02-06,USD,1.0
2023-02-06,CAD,1.3751
2023-02-06,AUD,1.3911
2023-02-06,EUR,0.8927
2023-02-06,GBP,0.6872
2023-02-07,USD,1.0
2023-02-07,CAD,1.3751
2023-02-07,AUD,1.3911
2023-02-07,EUR,0.8927
2023-02-07,GBP,0.6872
2023-02-08,USD,1.0
2023-02-08,CAD,1.3951
2023-02-08,AUD,1.4166
2023-02-08,EUR,0.9008
2023-02-08,GBP,0.6958
2023-02-09,USD,1.0
2023-02-09,CAD,1.3904
2023-02-09,AUD,1.4314
2023-02-09,EUR,0.89
2023-02-09,GBP,0.6937
2023-02-10,USD,1.0
2023-02-10,CAD,1.3859
2023-02-10,AUD,1.4078
2023-02-10,EUR,0.8883
2023-02-10,GBP,0.6869
2023-02-11,USD,1.0
2023-02-11,CAD,1.3961
2023-02-11,AUD,1.4117
2023-02-11,EUR,0.8813
2023-02-11,GBP,0.6939
2023-02-12,USD,1.0
2023-02-12,CAD,1.3923
2023-02-12,AUD,1.4103
2023-02-12,EUR,0.8869
2023-02-12,GBP,0.6894
2023-02-13,USD,1.0
2023-02-13,CAD,1.3923
2023-02-13,AUD,1.4103
2023-02-13,EUR,0.8869
2023-02-13,GBP,0.6894
2023-02-14,USD,1.0
2023-02-14,CAD,1.3923
2023-02-14,AUD,1.4103
2023-02-14,EUR,0.8869
2023-02-14,GBP,0.6894
2023-02-15,USD,1.0
2023-02-15,CAD,1.3823
2023-02-15,AUD,1.3975
2023-02-15,EUR,0.8945
2023-02-15,GBP,0.6905
2023-02-16,USD,1.0
2023-02-16,CAD,1.3819
2023-02-16,AUD,1.3975
2023-02-16,EUR,0.8956
2023-02-16,GBP,0.6948
2023-02-17,USD,1.0
2023-02-17,CAD,1.3817
2023-02-17,AUD,1.4035
2023-02-17,EUR,0.898
2023-02-17,GBP,0.6989
2023-02-18,USD,1.0
2023-02-18,CAD,1.3685
2023-02-18,AUD,1.3981
2023-02-18,EUR,0.9022
2023-02-18,GBP,0.696
2023-02-19,USD,1.0
2023-02-19,CAD,1.3765
2023-02-19,AUD,1.4064
2023-02-19,EUR,0.9012
2023-02-19,GBP,0.7004
2023-02-20,USD,1.0
2023-02-20,CAD,1.3765
2023-02-20,AUD,1.4064
2023-02-20,EUR,0.9012
2023-02-20,GBP,0.7004
2023-02-21,USD,1.0
2023-02-21,CAD,1.3765
2023-02-21,AUD,1.4064
2023-02-21,EUR,0.9012
2023-02-21,GBP,0.7004
2023-02-22,USD,1.0
2023-02-22,CAD,1.372
2023-02-22,AUD,1.3896
2023-02-22,EUR,0.9069
2023-02-22,GBP,0.7096
2023-02-23,USD,1.0
2023-02-23,CAD,1.3739
2023-02-23,AUD,1.3817
2023-02-23,EUR,0.9089
2023-02-23,GBP,0.7088
2023-02-24,USD,1.0
2023-02-24,CAD,1.3839
2023-02-24,AUD,1.395
2023-02-24,EUR,0.9107
2023-02-24,GBP,0.7188
2023-02-25,USD,1.0
2023-02-25,CAD,1.3626
2023-02-25,AUD,1.3868
2023-02-25,EUR,0.9069
2023-02-25,GBP,0.7157
2023-02-26,USD,1.0
2023-02-26,CAD,1.3546
2023-02-26,AUD,1.3879
2023-02-26,EUR,0.9086
2023-02-26,GBP,0.7155
2023-02-27,USD,1.0
2023-02-27,CAD,1.3546
2023-02-27,AUD,1.3879
2023-02-27,EUR,0.9086
2023-02-27,GBP,0.7155
2023-02-28,USD,1.0
2023-02-28,CAD,1.3546
2023-02-28,AUD,1.3879
2023-02-28,EUR,0.9086
2023-02-28,GBP,0.7155
2023-02-28,USD,1.0
2023-02-28,CAD,1.3563
2023-02-28,AUD,1.4015
2023-02-28,EUR,0.9184
2023-02-28,GBP,0.7217
2023-03-01,USD,1.0
2023-03-01,CAD,1.352
2023-03-01,AUD,1.3977
2023-03-01,EUR,0.9198
2023-03-01,GBP,0.7156
2023-03-02,USD,1.0
2023-03-02,CAD,1.3444
2023-03-02,AUD,1.3826
2023-03-02,EUR,0.9211
2023-03-02,GBP,0.7131
2023-03-03,USD,1.0
2023-03-03,CAD,1.3434
2023-03-03,AUD,1.3624
2023-03-03,EUR,0.9173
2023-03-03,GBP,0.7103
2023-03-04,USD,1.0
2023-03-04,CAD,1.3416
2023-03-04,AUD,1.3545
2023-03-04,EUR,0.9116
2023-03-04,GBP,0.7063
2023-03-05,USD,1.0
2023-03-05,CAD,1.3416
2023-03-05,AUD,1.3545
2023-03-05,EUR,0.9116
2023-03-05,GBP,0.7063
2023-03-06,USD,1.0
2023-03-06,CAD,1.3416
2023-03-06,AUD,1.3545
2023-03-06,EUR,0.9116
2023-03-06,GBP,0.7063
2023-03-07,USD,1.0
2023-03-07,CAD,1.3377
2023-03-07,AUD,1.349
2023-03-07,EUR,0.913
2023-03-07,GBP,0.707
2023-03-08,USD,1.0
2023-03-08,CAD,1.3325
2023-03-08,AUD,1.3415
2023-03-08,EUR,0.9068
2023-03-08,GBP,0.7037
2023-03-09,USD,1.0
2023-03-09,CAD,1.3401
2023-03-09,AUD,1.3351
2023-03-09,EUR,0.9113
2023-03-09,GBP,0.703
2023-03-10,USD,1.0
2023-03-10,CAD,1.3285
2023-03-10,AUD,1.3376
2023-03-10,EUR,0.9211
2023-03-10,GBP,0.7067
2023-03-11,USD,1.0
2023-03-11,CAD,1.3253
2023-03-11,AUD,1.3315
2023-03-11,EUR,0.9017
2023-03-11,GBP,0.6997
2023-03-12,USD,1.0
2023-03-12,CAD,1.3253
2023-03-12,AUD,1.3315
2023-03-12,EUR,0.9017
2023-03-12,GBP,0.6997
2023-03-13,USD,1.0
2023-03-13,CAD,1.3253
2023-03-13,AUD,1.3315
2023-03-13,EUR,0.9017
2023-03-13,GBP,0.6997
2023-03-14,USD,1.0
2023-03-14,CAD,1.3254
2023-03-14,AUD,1.327
2023-03-14,EUR,0.8994
2023-03-14,GBP,0.6964
2023-03-15,USD,1.0
2023-03-15,CAD,1.3351
2023-03-15,AUD,1.3392
2023-03-15,EUR,0.9002
2023-03-15,GBP,0.7054
2023-03-16,USD,1.0
2023-03-16,CAD,1.3375
2023-03-16,AUD,1.3477
2023-03-16,EUR,0.9038
2023-03-16,GBP,0.7116
2023-03-17,USD,1.0
2023-03-17,CAD,1.2997
2023-03-17,AUD,1.3109
2023-03-17,EUR,0.8841
2023-03-17,GBP,0.6915
2023-03-18,USD,1.0
2023-03-18,CAD,1.2968
2023-03-18,AUD,1.3125
2023-03-18,EUR,0.8866
2023-03-18,GBP,0.6903
2023-03-19,USD,1.0
2023-03-19,CAD,1.2968
2023-03-19,AUD,1.3125
2023-03-19,EUR,0.8866
2023-03-19,GBP,0.6903
2023-03-20,USD,1.0
2023-03-20,CAD,1.2968
2023-03-20,AUD,1.3125
2023-03-20,EUR,0.8866
2023-03-20,GBP,0.6903
2023-03-21,USD,1.0
2023-03-21,CAD,1.3045
2023-03-21,AUD,1.3148
2023-03-21,EUR,0.8872
2023-03-21,GBP,0.6947
2023-03-22,USD,1.0
2023-03-22,CAD,1.3092
2023-03-22,AUD,1.3156
2023-03-22,EUR,0.8919
2023-03-22,GBP,0.7027
2023-03-23,USD,1.0
2023-03-23,CAD,1.3138
2023-03-23,AUD,1.3231
2023-03-23,EUR,0.8952
2023-03-23,GBP,0.7071
2023-03-24,USD,1.0
2023-03-24,CAD,1.3288
2023-03-24,AUD,1.3321
2023-03-24,EUR,0.8965
2023-03-24,GBP,0.7077
2023-03-25,USD,1.0
2023-03-25,CAD,1.3288
2023-03-25,AUD,1.3321
2023-03-25,EUR,0.8965
2023-03-25,GBP,0.7077
2023-03-26,USD,1.0
2023-03-26,CAD,1.3288
2023-03-26,AUD,1.3321
2023-03-26,EUR,0.8965
2023-03-26,GBP,0.7077
2023-03-27,USD,1.0
2023-03-27,CAD,1.3288
2023-03-27,AUD,1.3321
2023-03-27,EUR,0.8965
2023-03-27,GBP,0.7077
2023-03-28,USD,1.0
2023-03-28,CAD,1.3288
2023-03-28,AUD,1.3321
2023-03-28,EUR,0.8965
2023-03-28,GBP,0.7077
2023-03-29,USD,1.0
2023-03-29,CAD,1.3169
2023-03-29,AUD,1.3312
2023-03-29,EUR,0.8933
2023-03-29,GBP,0.7008
2023-03-30,USD,1.0
2023-03-30,CAD,1.303
2023-03-30,AUD,1.304
2023-03-30,EUR,0.8831
2023-03-30,GBP,0.6939
2023-03-31,USD,1.0
2023-03-31,CAD,1.2945
2023-03-31,AUD,1.3006
2023-03-31,EUR,0.8783
2023-03-31,GBP,0.6953
2023-04-01,USD,1.0
2023-04-01,CAD,1.3028
2023-04-01,AUD,1.302
2023-04-01,EUR,0.8747
2023-04-01,GBP,0.6988
2023-04-02,USD,1.0
2023-04-02,CAD,1.3028
2023-04-02,AUD,1.302
2023-04-02,EUR,0.8747
2023-04-02,GBP,0.6988
2023-04-03,USD,1.0
2023-04-03,CAD,1.3028
2023-04-03,AUD,1.302
2023-04-03,EUR,0.8747
2023-04-03,GBP,0.6988
2023-04-04,USD,1.0
2023-04-04,CAD,1.3033
2023-04-04,AUD,1.3108
2023-04-04,EUR,0.8787
2023-04-04,GBP,0.7007
2023-04-05,USD,1.0
2023-04-05,CAD,1.3168
2023-04-05,AUD,1.3271
2023-04-05,EUR,0.8797
2023-04-05,GBP,0.7052
2023-04-06,USD,1.0
2023-04-06,CAD,1.3155
2023-04-06,AUD,1.3258
2023-04-06,EUR,0.8821
2023-04-06,GBP,0.7128
2023-04-07,USD,1.0
2023-04-07,CAD,1.3117
2023-04-07,AUD,1.3281
2023-04-07,EUR,0.88
2023-04-07,GBP,0.7104
2023-04-08,USD,1.0
2023-04-08,CAD,1.3078
2023-04-08,AUD,1.3281
2023-04-08,EUR,0.88
2023-04-08,GBP,0.7105
2023-04-09,USD,1.0
2023-04-09,CAD,1.3078
2023-04-09,AUD,1.3281
2023-04-09,EUR,0.88
2023-04-09,GBP,0.7105
2023-04-10,USD,1.0
2023-04-10,CAD,1.3078
2023-04-10,AUD,1.3281
2023-04-10,EUR,0.88
2023-04-10,GBP,0.7105
2023-04-11,USD,1.0
2023-04-11,CAD,1.2989
2023-04-11,AUD,1.3222
2023-04-11,EUR,0.878
2023-04-11,GBP,0.7029
2023-04-12,USD,1.0
2023-04-12,CAD,1.2876
2023-04-12,AUD,1.3059
2023-04-12,EUR,0.8775
2023-04-12,GBP,0.7006
2023-04-13,USD,1.0
2023-04-13,CAD,1.2804
2023-04-13,AUD,1.3071
2023-04-13,EUR,0.8851
2023-04-13,GBP,0.7027
2023-04-14,USD,1.0
2023-04-14,CAD,1.2828
2023-04-14,AUD,1.2984
2023-04-14,EUR,0.8887
2023-04-14,GBP,0.7071
2023-04-15,USD,1.0
2023-04-15,CAD,1.2881
2023-04-15,AUD,1.2981
2023-04-15,EUR,0.8862
2023-04-15,GBP,0.7052
2023-04-16,USD,1.0
2023-04-16,CAD,1.2881
2023-04-16,AUD,1.2981
2023-04-16,EUR,0.8862
2023-04-16,GBP,0.7052
2023-04-17,USD,1.0
2023-04-17,CAD,1.2881
2023-04-17,AUD,1.2981
2023-04-17,EUR,0.8862
2023-04-17,GBP,0.7052
2023-04-18,USD,1.0
2023-04-18,CAD,1.2924
2023-04-18,AUD,1.2989
2023-04-18,EUR,0.8845
2023-04-18,GBP,0.7056
2023-04-19,USD,1.0
2023-04-19,CAD,1.2711
2023-04-19,AUD,1.2825
2023-04-19,EUR,0.8816
2023-04-19,GBP,0.6962
2023-04-20,USD,1.0
2023-04-20,CAD,1.2673
2023-04-20,AUD,1.2792
2023-04-20,EUR,0.8788
2023-04-20,GBP,0.6951
2023-04-21,USD,1.0
2023-04-21,CAD,1.2634
2023-04-21,AUD,1.2766
2023-04-21,EUR,0.8807
2023-04-21,GBP,0.693
2023-04-22,USD,1.0
2023-04-22,CAD,1.2734
2023-04-22,AUD,1.2936
2023-04-22,EUR,0.8879
2023-04-22,GBP,0.6955
2023-04-23,USD,1.0
2023-04-23,CAD,1.2734
2023-04-23,AUD,1.2936
2023-04-23,EUR,0.8879
2023-04-23,GBP,0.6955
2023-04-24,USD,1.0
2023-04-24,CAD,1.2734
2023-04-24,AUD,1.2936
2023-04-24,EUR,0.8879
2023-04-24,GBP,0.6955
2023-04-25,USD,1.0
2023-04-25,CAD,1.2683
2023-04-25,AUD,1.295
2023-04-25,EUR,0.8878
2023-04-25,GBP,0.6893
2023-04-26,USD,1.0
2023-04-26,CAD,1.2648
2023-04-26,AUD,1.2935
2023-04-26,EUR,0.886
2023-04-26,GBP,0.6865
2023-04-27,USD,1.0
2023-04-27,CAD,1.2583
2023-04-27,AUD,1.3169
2023-04-27,EUR,0.8847
2023-04-27,GBP,0.6854
2023-04-28,USD,1.0
2023-04-28,CAD,1.2557
2023-04-28,AUD,1.3124
2023-04-28,EUR,0.8804
2023-04-28,GBP,0.6853
2023-04-29,USD,1.0
2023-04-29,CAD,1.2528
2023-04-29,AUD,1.3109
2023-04-29,EUR,0.877
2023-04-29,GBP,0.6842
2023-04-30,USD,1.0
2023-04-30,CAD,1.2528
2023-04-30,AUD,1.3109
2023-04-30,EUR,0.877
2023-04-30,GBP,0.6842
2023-05-01,USD,1.0
2023-05-01,CAD,1.2528
2023-05-01,AUD,1.3109
2023-05-01,EUR,0.877
2023-05-01,GBP,0.6842
2023-05-02,USD,1.0
2023-05-02,CAD,1.2519
2023-05-02,AUD,1.3073
2023-05-02,EUR,0.8701
2023-05-02,GBP,0.6808
2023-05-03,USD,1.0
2023-05-03,CAD,1.2584
2023-05-03,AUD,1.3228
2023-05-03,EUR,0.8644
2023-05-03,GBP,0.6837
2023-05-04,USD,1.0
2023-05-04,CAD,1.2751
2023-05-04,AUD,1.3367
2023-05-04,EUR,0.8692
2023-05-04,GBP,0.6891
2023-05-05,USD,1.0
2023-05-05,CAD,1.282
2023-05-05,AUD,1.3346
2023-05-05,EUR,0.8742
2023-05-05,GBP,0.6894
2023-05-06,USD,1.0
2023-05-06,CAD,1.2879
2023-05-06,AUD,1.3565
2023-05-06,EUR,0.8751
2023-05-06,GBP,0.69
2023-05-07,USD,1.0
2023-05-07,CAD,1.2879
2023-05-07,AUD,1.3565
2023-05-07,EUR,0.8751
2023-05-07,GBP,0.69
2023-05-08,USD,1.0
2023-05-08,CAD,1.2879
2023-05-08,AUD,1.3565
2023-05-08,EUR,0.8751
2023-05-08,GBP,0.69
2023-05-09,USD,1.0
2023-05-09,CAD,1.2938
2023-05-09,AUD,1.3641
2023-05-09,EUR,0.8776
2023-05-09,GBP,0.6933
2023-05-10,USD,1.0
2023-05-10,CAD,1.2962
2023-05-10,AUD,1.3614
2023-05-10,EUR,0.8791
2023-05-10,GBP,0.6924
2023-05-11,USD,1.0
2023-05-11,CAD,1.2872
2023-05-11,AUD,1.3563
2023-05-11,EUR,0.8765
2023-05-11,GBP,0.6921
2023-05-12,USD,1.0
2023-05-12,CAD,1.2814
2023-05-12,AUD,1.3646
2023-05-12,EUR,0.878
2023-05-12,GBP,0.6927
2023-05-13,USD,1.0
2023-05-13,CAD,1.2882
2023-05-13,AUD,1.3728
2023-05-13,EUR,0.8812
2023-05-13,GBP,0.694
2023-05-14,USD,1.0
2023-05-14,CAD,1.2882
2023-05-14,AUD,1.3728
2023-05-14,EUR,0.8812
2023-05-14,GBP,0.694
2023-05-15,USD,1.0
2023-05-15,CAD,1.2882
2023-05-15,AUD,1.3728
2023-05-15,EUR,0.8812
2023-05-15,GBP,0.694
2023-05-16,USD,1.0
2023-05-16,CAD,1.2923
2023-05-16,AUD,1.3711
2023-05-16,EUR,0.8831
2023-05-16,GBP,0.6959
2023-05-17,USD,1.0
2023-05-17,CAD,1.2927
2023-05-17,AUD,1.3657
2023-05-17,EUR,0.8835
2023-05-17,GBP,0.6905
2023-05-18,USD,1.0
2023-05-18,CAD,1.2977
2023-05-18,AUD,1.3761
2023-05-18,EUR,0.8866
2023-05-18,GBP,0.687
2023-05-19,USD,1.0
2023-05-19,CAD,1.311
2023-05-19,AUD,1.3899
2023-05-19,EUR,0.8931
2023-05-19,GBP,0.684
2023-05-20,USD,1.0
2023-05-20,CAD,1.3106
2023-05-20,AUD,1.3833
2023-05-20,EUR,0.8913
2023-05-20,GBP,0.6864
2023-05-21,USD,1.0
2023-05-21,CAD,1.3106
2023-05-21,AUD,1.3833
2023-05-21,EUR,0.8913
2023-05-21,GBP,0.6864
2023-05-22,USD,1.0
2023-05-22,CAD,1.3106
2023-05-22,AUD,1.3833
2023-05-22,EUR,0.8913
2023-05-22,GBP,0.6864
2023-05-23,USD,1.0
2023-05-23,CAD,1.3148
2023-05-23,AUD,1.3858
2023-05-23,EUR,0.8917
2023-05-23,GBP,0.6905
2023-05-24,USD,1.0
2023-05-24,CAD,1.3148
2023-05-24,AUD,1.3966
2023-05-24,EUR,0.8954
2023-05-24,GBP,0.6851
2023-05-25,USD,1.0
2023-05-25,CAD,1.3106
2023-05-25,AUD,1.3884
2023-05-25,EUR,0.8972
2023-05-25,GBP,0.6812
2023-05-26,USD,1.0
2023-05-26,CAD,1.2932
2023-05-26,AUD,1.3862
2023-05-26,EUR,0.8954
2023-05-26,GBP,0.6802
2023-05-27,USD,1.0
2023-05-27,CAD,1.3037
2023-05-27,AUD,1.3864
2023-05-27,EUR,0.8954
2023-05-27,GBP,0.6827
2023-05-28,USD,1.0
2023-05-28,CAD,1.3037
2023-05-28,AUD,1.3864
2023-05-28,EUR,0.8954
2023-05-28,GBP,0.6827
2023-05-29,USD,1.0
2023-05-29,CAD,1.3037
2023-05-29,AUD,1.3864
2023-05-29,EUR,0.8954
2023-05-29,GBP,0.6827
2023-05-30,USD,1.0
2023-05-30,CAD,1.3039
2023-05-30,AUD,1.3919
2023-05-30,EUR,0.8977
2023-05-30,GBP,0.6834
2023-05-31,USD,1.0
2023-05-31,CAD,1.3027
2023-05-31,AUD,1.3776
2023-05-31,EUR,0.8965
2023-05-31,GBP,0.683
2023-06-01,USD,1.0
2023-06-01,CAD,1.3054
2023-06-01,AUD,1.3755
2023-06-01,EUR,0.8949
2023-06-01,GBP,0.6923
2023-06-02,USD,1.0
2023-06-02,CAD,1.3105
2023-06-02,AUD,1.3868
2023-06-02,EUR,0.8938
2023-06-02,GBP,0.6912
2023-06-03,USD,1.0
2023-06-03,CAD,1.3084
2023-06-03,AUD,1.3804
2023-06-03,EUR,0.8965
2023-06-03,GBP,0.6929
2023-06-04,USD,1.0
2023-06-04,CAD,1.3084
2023-06-04,AUD,1.3804
2023-06-04,EUR,0.8965
2023-06-04,GBP,0.6929
2023-06-05,USD,1.0
2023-06-05,CAD,1.3084
2023-06-05,AUD,1.3804
2023-06-05,EUR,0.8965
2023-06-05,GBP,0.6929
2023-06-06,USD,1.0
2023-06-06,CAD,1.2922
2023-06-06,AUD,1.3584
2023-06-06,EUR,0.8811
2023-06-06,GBP,0.6936
2023-06-07,USD,1.0
2023-06-07,CAD,1.2782
2023-06-07,AUD,1.3447
2023-06-07,EUR,0.8812
2023-06-07,GBP,0.6863
2023-06-08,USD,1.0
2023-06-08,CAD,1.2682
2023-06-08,AUD,1.3384
2023-06-08,EUR,0.8789
2023-06-08,GBP,0.686
2023-06-09,USD,1.0
2023-06-09,CAD,1.2747
2023-06-09,AUD,1.3444
2023-06-09,EUR,0.8816
2023-06-09,GBP,0.6915
2023-06-10,USD,1.0
2023-06-10,CAD,1.2748
2023-06-10,AUD,1.3512
2023-06-10,EUR,0.8846
2023-06-10,GBP,0.6943
2023-06-11,USD,1.0
2023-06-11,CAD,1.2748
2023-06-11,AUD,1.3512
2023-06-11,EUR,0.8846
2023-06-11,GBP,0.6943
2023-06-12,USD,1.0
2023-06-12,CAD,1.2748
2023-06-12,AUD,1.3512
2023-06-12,EUR,0.8846
2023-06-12,GBP,0.6943
2023-06-13,USD,1.0
2023-06-13,CAD,1.2771
2023-06-13,AUD,1.3514
2023-06-13,EUR,0.8875
2023-06-13,GBP,0.7057
2023-06-14,USD,1.0
2023-06-14,CAD,1.2872
2023-06-14,AUD,1.361
2023-06-14,EUR,0.8909
2023-06-14,GBP,0.708
2023-06-15,USD,1.0
2023-06-15,CAD,1.2857
2023-06-15,AUD,1.3524
2023-06-15,EUR,0.8905
2023-06-15,GBP,0.7049
2023-06-16,USD,1.0
2023-06-16,CAD,1.3003
2023-06-16,AUD,1.3614
2023-06-16,EUR,0.8949
2023-06-16,GBP,0.7073
2023-06-17,USD,1.0
2023-06-17,CAD,1.2901
2023-06-17,AUD,1.3537
2023-06-17,EUR,0.8886
2023-06-17,GBP,0.6999
2023-06-18,USD,1.0
2023-06-18,CAD,1.2901
2023-06-18,AUD,1.3537
2023-06-18,EUR,0.8886
2023-06-18,GBP,0.6999
2023-06-19,USD,1.0
2023-06-19,CAD,1.2901
2023-06-19,AUD,1.3537
2023-06-19,EUR,0.8886
2023-06-19,GBP,0.6999
2023-06-20,USD,1.0
2023-06-20,CAD,1.2813
2023-06-20,AUD,1.3403
2023-06-20,EUR,0.8825
2023-06-20,GBP,0.6828
2023-06-21,USD,1.0
2023-06-21,CAD,1.2773
2023-06-21,AUD,1.3322
2023-06-21,EUR,0.8839
2023-06-21,GBP,0.6784
2023-06-22,USD,1.0
2023-06-22,CAD,1.2762
2023-06-22,AUD,1.3324
2023-06-22,EUR,0.8863
2023-06-22,GBP,0.6806
2023-06-23,USD,1.0
2023-06-23,CAD,1.2747
2023-06-23,AUD,1.3223
2023-06-23,EUR,0.878
2023-06-23,GBP,0.6725
2023-06-24,USD,1.0
2023-06-24,CAD,1.3006
2023-06-24,AUD,1.3474
2023-06-24,EUR,0.9037
2023-06-24,GBP,0.7297
2023-06-25,USD,1.0
2023-06-25,CAD,1.3006
2023-06-25,AUD,1.3474
2023-06-25,EUR,0.9037
2023-06-25,GBP,0.7297
2023-06-26,USD,1.0
2023-06-26,CAD,1.3006
2023-06-26,AUD,1.3474
2023-06-26,EUR,0.9037
2023-06-26,GBP,0.7297
2023-06-27,USD,1.0
2023-06-27,CAD,1.3048
2023-06-27,AUD,1.3509
2023-06-27,EUR,0.9093
2023-06-27,GBP,0.7583
2023-06-28,USD,1.0
2023-06-28,CAD,1.3039
2023-06-28,AUD,1.3532
2023-06-28,EUR,0.9031
2023-06-28,GBP,0.747
2023-06-29,USD,1.0
2023-06-29,CAD,1.2991
2023-06-29,AUD,1.3445
2023-06-29,EUR,0.9017
2023-06-29,GBP,0.7444
2023-06-30,USD,1.0
2023-06-30,CAD,1.2956
2023-06-30,AUD,1.3447
2023-06-30,EUR,0.9007
2023-06-30,GBP,0.7445
2023-07-01,USD,1.0
2023-07-01,CAD,1.2923
2023-07-01,AUD,1.3367
2023-07-01,EUR,0.8981
2023-07-01,GBP,0.7529
2023-07-02,USD,1.0
2023-07-02,CAD,1.2923
2023-07-02,AUD,1.3367
2023-07-02,EUR,0.8981
2023-07-02,GBP,0.7529
2023-07-03,USD,1.0
2023-07-03,CAD,1.2923
2023-07-03,AUD,1.3367
2023-07-03,EUR,0.8981
2023-07-03,GBP,0.7529
2023-07-04,USD,1.0
2023-07-04,CAD,1.2864
2023-07-04,AUD,1.3281
2023-07-04,EUR,0.8978
2023-07-04,GBP,0.7533
2023-07-05,USD,1.0
2023-07-05,CAD,1.2936
2023-07-05,AUD,1.337
2023-07-05,EUR,0.8972
2023-07-05,GBP,0.7626
2023-07-06,USD,1.0
2023-07-06,CAD,1.3026
2023-07-06,AUD,1.3382
2023-07-06,EUR,0.9034
2023-07-06,GBP,0.7706
2023-07-07,USD,1.0
2023-07-07,CAD,1.2931
2023-07-07,AUD,1.3301
2023-07-07,EUR,0.9025
2023-07-07,GBP,0.7679
2023-07-08,USD,1.0
2023-07-08,CAD,1.3014
2023-07-08,AUD,1.3307
2023-07-08,EUR,0.9033
2023-07-08,GBP,0.77
2023-07-09,USD,1.0
2023-07-09,CAD,1.3014
2023-07-09,AUD,1.3307
2023-07-09,EUR,0.9033
2023-07-09,GBP,0.77
2023-07-10,USD,1.0
2023-07-10,CAD,1.3014
2023-07-10,AUD,1.3307
2023-07-10,EUR,0.9033
2023-07-10,GBP,0.77
2023-07-11,USD,1.0
2023-07-11,CAD,1.3066
2023-07-11,AUD,1.3229
2023-07-11,EUR,0.9051
2023-07-11,GBP,0.7702
2023-07-12,USD,1.0
2023-07-12,CAD,1.3029
2023-07-12,AUD,1.3101
2023-07-12,EUR,0.9016
2023-07-12,GBP,0.7598
2023-07-13,USD,1.0
2023-07-13,CAD,1.3053
2023-07-13,AUD,1.3111
2023-07-13,EUR,0.9032
2023-07-13,GBP,0.7532
2023-07-14,USD,1.0
2023-07-14,CAD,1.2926
2023-07-14,AUD,1.3075
2023-07-14,EUR,0.8963
2023-07-14,GBP,0.7467
2023-07-15,USD,1.0
2023-07-15,CAD,1.2866
2023-07-15,AUD,1.3064
2023-07-15,EUR,0.8986
2023-07-15,GBP,0.7483
2023-07-16,USD,1.0
2023-07-16,CAD,1.2866
2023-07-16,AUD,1.3064
2023-07-16,EUR,0.8986
2023-07-16,GBP,0.7483
2023-07-17,USD,1.0
2023-07-17,CAD,1.2866
2023-07-17,AUD,1.3064
2023-07-17,EUR,0.8986
2023-07-17,GBP,0.7483
2023-07-18,USD,1.0
2023-07-18,CAD,1.2951
2023-07-18,AUD,1.317
2023-07-18,EUR,0.9047
2023-07-18,GBP,0.7543
2023-07-19,USD,1.0
2023-07-19,CAD,1.3017
2023-07-19,AUD,1.3346
2023-07-19,EUR,0.9062
2023-07-19,GBP,0.7608
2023-07-20,USD,1.0
2023-07-20,CAD,1.3059
2023-07-20,AUD,1.3359
2023-07-20,EUR,0.908
2023-07-20,GBP,0.7591
2023-07-21,USD,1.0
2023-07-21,CAD,1.3051
2023-07-21,AUD,1.3355
2023-07-21,EUR,0.9079
2023-07-21,GBP,0.7589
2023-07-22,USD,1.0
2023-07-22,CAD,1.3107
2023-07-22,AUD,1.3362
2023-07-22,EUR,0.9079
2023-07-22,GBP,0.7636
2023-07-23,USD,1.0
2023-07-23,CAD,1.3107
2023-07-23,AUD,1.3362
2023-07-23,EUR,0.9079
2023-07-23,GBP,0.7636
2023-07-24,USD,1.0
2023-07-24,CAD,1.3107
2023-07-24,AUD,1.3362
2023-07-24,EUR,0.9079
2023-07-24,GBP,0.7636
2023-07-25,USD,1.0
2023-07-25,CAD,1.3172
2023-07-25,AUD,1.3355
2023-07-25,EUR,0.9106
2023-07-25,GBP,0.7619
2023-07-26,USD,1.0
2023-07-26,CAD,1.3234
2023-07-26,AUD,1.3275
2023-07-26,EUR,0.9093
2023-07-26,GBP,0.7612
2023-07-27,USD,1.0
2023-07-27,CAD,1.319
2023-07-27,AUD,1.3388
2023-07-27,EUR,0.9098
2023-07-27,GBP,0.7631
2023-07-28,USD,1.0
2023-07-28,CAD,1.3161
2023-07-28,AUD,1.3287
2023-07-28,EUR,0.9017
2023-07-28,GBP,0.7594
2023-07-29,USD,1.0
2023-07-29,CAD,1.3176
2023-07-29,AUD,1.3302
2023-07-29,EUR,0.8998
2023-07-29,GBP,0.7595
2023-07-30,USD,1.0
2023-07-30,CAD,1.3176
2023-07-30,AUD,1.3302
2023-07-30,EUR,0.8998
2023-07-30,GBP,0.7595
2023-07-31,USD,1.0
2023-07-31,CAD,1.3176
2023-07-31,AUD,1.3302
2023-07-31,EUR,0.8998
2023-07-31,GBP,0.7595
2023-08-01,USD,1.0
2023-08-01,CAD,1.3066
2023-08-01,AUD,1.3213
2023-08-01,EUR,0.8957
2023-08-01,GBP,0.7573
2023-08-02,USD,1.0
2023-08-02,CAD,1.3051
2023-08-02,AUD,1.3148
2023-08-02,EUR,0.8934
2023-08-02,GBP,0.7532
2023-08-03,USD,1.0
2023-08-03,CAD,1.31
2023-08-03,AUD,1.317
2023-08-03,EUR,0.8929
2023-08-03,GBP,0.7492
2023-08-04,USD,1.0
2023-08-04,CAD,1.3053
2023-08-04,AUD,1.3114
2023-08-04,EUR,0.898
2023-08-04,GBP,0.7597
2023-08-05,USD,1.0
2023-08-05,CAD,1.3023
2023-08-05,AUD,1.3058
2023-08-05,EUR,0.8964
2023-08-05,GBP,0.7602
2023-08-06,USD,1.0
2023-08-06,CAD,1.3023
2023-08-06,AUD,1.3058
2023-08-06,EUR,0.8964
2023-08-06,GBP,0.7602
2023-08-07,USD,1.0
2023-08-07,CAD,1.3023
2023-08-07,AUD,1.3058
2023-08-07,EUR,0.8964
2023-08-07,GBP,0.7602
2023-08-08,USD,1.0
2023-08-08,CAD,1.3144
2023-08-08,AUD,1.3096
2023-08-08,EUR,0.902
2023-08-08,GBP,0.7663
2023-08-09,USD,1.0
2023-08-09,CAD,1.3149
2023-08-09,AUD,1.3056
2023-08-09,EUR,0.9027
2023-08-09,GBP,0.7709
2023-08-10,USD,1.0
2023-08-10,CAD,1.3016
2023-08-10,AUD,1.292
2023-08-10,EUR,0.8941
2023-08-10,GBP,0.7649
2023-08-11,USD,1.0
2023-08-11,CAD,1.3054
2023-08-11,AUD,1.2965
2023-08-11,EUR,0.8966
2023-08-11,GBP,0.7714
2023-08-12,USD,1.0
2023-08-12,CAD,1.2975
2023-08-12,AUD,1.3027
2023-08-12,EUR,0.8962
2023-08-12,GBP,0.7712
2023-08-13,USD,1.0
2023-08-13,CAD,1.2975
2023-08-13,AUD,1.3027
2023-08-13,EUR,0.8962
2023-08-13,GBP,0.7712
2023-08-14,USD,1.0
2023-08-14,CAD,1.2975
2023-08-14,AUD,1.3027
2023-08-14,EUR,0.8962
2023-08-14,GBP,0.7712
2023-08-15,USD,1.0
2023-08-15,CAD,1.2921
2023-08-15,AUD,1.3038
2023-08-15,EUR,0.8945
2023-08-15,GBP,0.7753
2023-08-16,USD,1.0
2023-08-16,CAD,1.2817
2023-08-16,AUD,1.2928
2023-08-16,EUR,0.8853
2023-08-16,GBP,0.7708
2023-08-17,USD,1.0
2023-08-17,CAD,1.2885
2023-08-17,AUD,1.3107
2023-08-17,EUR,0.8868
2023-08-17,GBP,0.7684
2023-08-18,USD,1.0
2023-08-18,CAD,1.2829
2023-08-18,AUD,1.3043
2023-08-18,EUR,0.8833
2023-08-18,GBP,0.7603
2023-08-19,USD,1.0
2023-08-19,CAD,1.2844
2023-08-19,AUD,1.3135
2023-08-19,EUR,0.8829
2023-08-19,GBP,0.7641
2023-08-20,USD,1.0
2023-08-20,CAD,1.2844
2023-08-20,AUD,1.3135
2023-08-20,EUR,0.8829
2023-08-20,GBP,0.7641
2023-08-21,USD,1.0
2023-08-21,CAD,1.2844
2023-08-21,AUD,1.3135
2023-08-21,EUR,0.8829
2023-08-21,GBP,0.7641
2023-08-22,USD,1.0
2023-08-22,CAD,1.2915
2023-08-22,AUD,1.314
2023-08-22,EUR,0.8845
2023-08-22,GBP,0.7628
2023-08-23,USD,1.0
2023-08-23,CAD,1.2898
2023-08-23,AUD,1.3073
2023-08-23,EUR,0.8819
2023-08-23,GBP,0.7584
2023-08-24,USD,1.0
2023-08-24,CAD,1.294
2023-08-24,AUD,1.3119
2023-08-24,EUR,0.8875
2023-08-24,GBP,0.7555
2023-08-25,USD,1.0
2023-08-25,CAD,1.2929
2023-08-25,AUD,1.3144
2023-08-25,EUR,0.8857
2023-08-25,GBP,0.7579
2023-08-26,USD,1.0
2023-08-26,CAD,1.2884
2023-08-26,AUD,1.3083
2023-08-26,EUR,0.8857
2023-08-26,GBP,0.7569
2023-08-27,USD,1.0
2023-08-27,CAD,1.2884
2023-08-27,AUD,1.3083
2023-08-27,EUR,0.8857
2023-08-27,GBP,0.7569
2023-08-28,USD,1.0
2023-08-28,CAD,1.2884
2023-08-28,AUD,1.3083
2023-08-28,EUR,0.8857
2023-08-28,GBP,0.7569
2023-08-29,USD,1.0
2023-08-29,CAD,1.3013
2023-08-29,AUD,1.3241
2023-08-29,EUR,0.8953
2023-08-29,GBP,0.7652
2023-08-30,USD,1.0
2023-08-30,CAD,1.3039
2023-08-30,AUD,1.3241
2023-08-30,EUR,0.8954
2023-08-30,GBP,0.7626
2023-08-31,USD,1.0
2023-08-31,CAD,1.31
2023-08-31,AUD,1.33
2023-08-31,EUR,0.8983
2023-08-31,GBP,0.7618
2023-09-01,USD,1.0
2023-09-01,CAD,1.3129
2023-09-01,AUD,1.3279
2023-09-01,EUR,0.8972
2023-09-01,GBP,0.7541
2023-09-02,USD,1.0
2023-09-02,CAD,1.3082
2023-09-02,AUD,1.3231
2023-09-02,EUR,0.8934
2023-09-02,GBP,0.7528
2023-09-03,USD,1.0
2023-09-03,CAD,1.3082
2023-09-03,AUD,1.3231
2023-09-03,EUR,0.8934
2023-09-03,GBP,0.7528
2023-09-04,USD,1.0
2023-09-04,CAD,1.3082
2023-09-04,AUD,1.3231
2023-09-04,EUR,0.8934
2023-09-04,GBP,0.7528
2023-09-05,USD,1.0
2023-09-05,CAD,1.294
2023-09-05,AUD,1.3173
2023-09-05,EUR,0.8964
2023-09-05,GBP,0.7498
2023-09-06,USD,1.0
2023-09-06,CAD,1.2909
2023-09-06,AUD,1.3106
2023-09-06,EUR,0.8961
2023-09-06,GBP,0.7486
2023-09-07,USD,1.0
2023-09-07,CAD,1.2854
2023-09-07,AUD,1.3026
2023-09-07,EUR,0.8899
2023-09-07,GBP,0.7472
2023-09-08,USD,1.0
2023-09-08,CAD,1.2877
2023-09-08,AUD,1.2953
2023-09-08,EUR,0.8853
2023-09-08,GBP,0.7486
2023-09-09,USD,1.0
2023-09-09,CAD,1.2957
2023-09-09,AUD,1.3166
2023-09-09,EUR,0.8875
2023-09-09,GBP,0.7504
2023-09-10,USD,1.0
2023-09-10,CAD,1.2957
2023-09-10,AUD,1.3166
2023-09-10,EUR,0.8875
2023-09-10,GBP,0.7504
2023-09-11,USD,1.0
2023-09-11,CAD,1.2957
2023-09-11,AUD,1.3166
2023-09-11,EUR,0.8875
2023-09-11,GBP,0.7504
2023-09-12,USD,1.0
2023-09-12,CAD,1.3114
2023-09-12,AUD,1.3299
2023-09-12,EUR,0.8908
2023-09-12,GBP,0.7525
2023-09-13,USD,1.0
2023-09-13,CAD,1.3109
2023-09-13,AUD,1.3282
2023-09-13,EUR,0.8891
2023-09-13,GBP,0.7536
2023-09-14,USD,1.0
2023-09-14,CAD,1.3192
2023-09-14,AUD,1.3391
2023-09-14,EUR,0.8914
2023-09-14,GBP,0.7584
2023-09-15,USD,1.0
2023-09-15,CAD,1.3178
2023-09-15,AUD,1.3361
2023-09-15,EUR,0.8886
2023-09-15,GBP,0.757
2023-09-16,USD,1.0
2023-09-16,CAD,1.3199
2023-09-16,AUD,1.3316
2023-09-16,EUR,0.8908
2023-09-16,GBP,0.759
2023-09-17,USD,1.0
2023-09-17,CAD,1.3199
2023-09-17,AUD,1.3316
2023-09-17,EUR,0.8908
2023-09-17,GBP,0.759
2023-09-18,USD,1.0
2023-09-18,CAD,1.3199
2023-09-18,AUD,1.3316
2023-09-18,EUR,0.8908
2023-09-18,GBP,0.759
2023-09-19,USD,1.0
2023-09-19,CAD,1.3152
2023-09-19,AUD,1.3249
2023-09-19,EUR,0.8957
2023-09-19,GBP,0.7658
2023-09-20,USD,1.0
2023-09-20,CAD,1.3226
2023-09-20,AUD,1.3244
2023-09-20,EUR,0.8941
2023-09-20,GBP,0.7709
2023-09-21,USD,1.0
2023-09-21,CAD,1.3142
2023-09-21,AUD,1.3152
2023-09-21,EUR,0.8969
2023-09-21,GBP,0.7685
2023-09-22,USD,1.0
2023-09-22,CAD,1.3012
2023-09-22,AUD,1.3057
2023-09-22,EUR,0.8898
2023-09-22,GBP,0.7646
2023-09-23,USD,1.0
2023-09-23,CAD,1.3042
2023-09-23,AUD,1.3095
2023-09-23,EUR,0.8917
2023-09-23,GBP,0.7708
2023-09-24,USD,1.0
2023-09-24,CAD,1.3042
2023-09-24,AUD,1.3095
2023-09-24,EUR,0.8917
2023-09-24,GBP,0.7708
2023-09-25,USD,1.0
2023-09-25,CAD,1.3042
2023-09-25,AUD,1.3095
2023-09-25,EUR,0.8917
2023-09-25,GBP,0.7708
2023-09-26,USD,1.0
2023-09-26,CAD,1.3164
2023-09-26,AUD,1.3098
2023-09-26,EUR,0.8879
2023-09-26,GBP,0.7733
2023-09-27,USD,1.0
2023-09-27,CAD,1.3256
2023-09-27,AUD,1.3067
2023-09-27,EUR,0.8913
2023-09-27,GBP,0.7702
2023-09-28,USD,1.0
2023-09-28,CAD,1.3211
2023-09-28,AUD,1.304
2023-09-28,EUR,0.8909
2023-09-28,GBP,0.768
2023-09-29,USD,1.0
2023-09-29,CAD,1.3085
2023-09-29,AUD,1.3049
2023-09-29,EUR,0.8912
2023-09-29,GBP,0.7676
2023-09-30,USD,1.0
2023-09-30,CAD,1.3162
2023-09-30,AUD,1.3132
2023-09-30,EUR,0.896
2023-09-30,GBP,0.7715
2023-10-01,USD,1.0
2023-10-01,CAD,1.3162
2023-10-01,AUD,1.3132
2023-10-01,EUR,0.896
2023-10-01,GBP,0.7715
2023-10-02,USD,1.0
2023-10-02,CAD,1.3162
2023-10-02,AUD,1.3132
2023-10-02,EUR,0.896
2023-10-02,GBP,0.7715
2023-10-03,USD,1.0
2023-10-03,CAD,1.3085
2023-10-03,AUD,1.3028
2023-10-03,EUR,0.89
2023-10-03,GBP,0.7771
2023-10-04,USD,1.0
2023-10-04,CAD,1.3168
2023-10-04,AUD,1.3049
2023-10-04,EUR,0.896
2023-10-04,GBP,0.7843
2023-10-05,USD,1.0
2023-10-05,CAD,1.3216
2023-10-05,AUD,1.3132
2023-10-05,EUR,0.892
2023-10-05,GBP,0.7863
2023-10-06,USD,1.0
2023-10-06,CAD,1.3204
2023-10-06,AUD,1.3198
2023-10-06,EUR,0.8941
2023-10-06,GBP,0.7897
2023-10-07,USD,1.0
2023-10-07,CAD,1.3271
2023-10-07,AUD,1.3192
2023-10-07,EUR,0.8977
2023-10-07,GBP,0.8111
2023-10-08,USD,1.0
2023-10-08,CAD,1.3271
2023-10-08,AUD,1.3192
2023-10-08,EUR,0.8977
2023-10-08,GBP,0.8111
2023-10-09,USD,1.0
2023-10-09,CAD,1.3271
2023-10-09,AUD,1.3192
2023-10-09,EUR,0.8977
2023-10-09,GBP,0.8111
2023-10-10,USD,1.0
2023-10-10,CAD,1.3253
2023-10-10,AUD,1.3163
2023-10-10,EUR,0.8961
2023-10-10,GBP,0.8071
2023-10-11,USD,1.0
2023-10-11,CAD,1.3226
2023-10-11,AUD,1.3249
2023-10-11,EUR,0.9026
2023-10-11,GBP,0.8145
2023-10-12,USD,1.0
2023-10-12,CAD,1.3247
2023-10-12,AUD,1.3206
2023-10-12,EUR,0.9074
2023-10-12,GBP,0.8166
2023-10-13,USD,1.0
2023-10-13,CAD,1.3245
2023-10-13,AUD,1.3231
2023-10-13,EUR,0.906
2023-10-13,GBP,0.8193
2023-10-14,USD,1.0
2023-10-14,CAD,1.3166
2023-10-14,AUD,1.3108
2023-10-14,EUR,0.9089
2023-10-14,GBP,0.8172
2023-10-15,USD,1.0
2023-10-15,CAD,1.3166
2023-10-15,AUD,1.3108
2023-10-15,EUR,0.9089
2023-10-15,GBP,0.8172
2023-10-16,USD,1.0
2023-10-16,CAD,1.3166
2023-10-16,AUD,1.3108
2023-10-16,EUR,0.9089
2023-10-16,GBP,0.8172
2023-10-17,USD,1.0
2023-10-17,CAD,1.3128
2023-10-17,AUD,1.3131
2023-10-17,EUR,0.9096
2023-10-17,GBP,0.823
2023-10-18,USD,1.0
2023-10-18,CAD,1.3083
2023-10-18,AUD,1.3037
2023-10-18,EUR,0.9097
2023-10-18,GBP,0.8147
2023-10-19,USD,1.0
2023-10-19,CAD,1.308
2023-10-19,AUD,1.3023
2023-10-19,EUR,0.9108
2023-10-19,GBP,0.8137
2023-10-20,USD,1.0
2023-10-20,CAD,1.3169
2023-10-20,AUD,1.3036
2023-10-20,EUR,0.9107
2023-10-20,GBP,0.8157
2023-10-21,USD,1.0
2023-10-21,CAD,1.3229
2023-10-21,AUD,1.3107
2023-10-21,EUR,0.9186
2023-10-21,GBP,0.8205
2023-10-22,USD,1.0
2023-10-22,CAD,1.3229
2023-10-22,AUD,1.3107
2023-10-22,EUR,0.9186
2023-10-22,GBP,0.8205
2023-10-23,USD,1.0
2023-10-23,CAD,1.3229
2023-10-23,AUD,1.3107
2023-10-23,EUR,0.9186
2023-10-23,GBP,0.8205
2023-10-24,USD,1.0
2023-10-24,CAD,1.3357
2023-10-24,AUD,1.3114
2023-10-24,EUR,0.9182
2023-10-24,GBP,0.8173
2023-10-25,USD,1.0
2023-10-25,CAD,1.3317
2023-10-25,AUD,1.3088
2023-10-25,EUR,0.9198
2023-10-25,GBP,0.8186
2023-10-26,USD,1.0
2023-10-26,CAD,1.3366
2023-10-26,AUD,1.3016
2023-10-26,EUR,0.9153
2023-10-26,GBP,0.8189
2023-10-27,USD,1.0
2023-10-27,CAD,1.3366
2023-10-27,AUD,1.3123
2023-10-27,EUR,0.9152
2023-10-27,GBP,0.8159
2023-10-28,USD,1.0
2023-10-28,CAD,1.3389
2023-10-28,AUD,1.3206
2023-10-28,EUR,0.9156
2023-10-28,GBP,0.8232
2023-10-29,USD,1.0
2023-10-29,CAD,1.3389
2023-10-29,AUD,1.3206
2023-10-29,EUR,0.9156
2023-10-29,GBP,0.8232
2023-10-30,USD,1.0
2023-10-30,CAD,1.3389
2023-10-30,AUD,1.3206
2023-10-30,EUR,0.9156
2023-10-30,GBP,0.8232
2023-10-31,USD,1.0
2023-10-31,CAD,1.3398
2023-10-31,AUD,1.3153
2023-10-31,EUR,0.9136
2023-10-31,GBP,0.8227
2023-11-01,USD,1.0
2023-11-01,CAD,1.3361
2023-11-01,AUD,1.3008
2023-11-01,EUR,0.907
2023-11-01,GBP,0.8179
2023-11-02,USD,1.0
2023-11-02,CAD,1.3375
2023-11-02,AUD,1.305
2023-11-02,EUR,0.9013
2023-11-02,GBP,0.8117
2023-11-03,USD,1.0
2023-11-03,CAD,1.3389
2023-11-03,AUD,1.3046
2023-11-03,EUR,0.9038
2023-11-03,GBP,0.8013
2023-11-04,USD,1.0
2023-11-04,CAD,1.3433
2023-11-04,AUD,1.3015
2023-11-04,EUR,0.9015
2023-11-04,GBP,0.8006
2023-11-05,USD,1.0
2023-11-05,CAD,1.3433
2023-11-05,AUD,1.3015
2023-11-05,EUR,0.9015
2023-11-05,GBP,0.8006
2023-11-06,USD,1.0
2023-11-06,CAD,1.3433
2023-11-06,AUD,1.3015
2023-11-06,EUR,0.9015
2023-11-06,GBP,0.8006
2023-11-07,USD,1.0
2023-11-07,CAD,1.3391
2023-11-07,AUD,1.3015
2023-11-07,EUR,0.904
2023-11-07,GBP,0.8049
2023-11-08,USD,1.0
2023-11-08,CAD,1.3368
2023-11-08,AUD,1.2984
2023-11-08,EUR,0.906
2023-11-08,GBP,0.8071
2023-11-09,USD,1.0
2023-11-09,CAD,1.3426
2023-11-09,AUD,1.3007
2023-11-09,EUR,0.9073
2023-11-09,GBP,0.8077
2023-11-10,USD,1.0
2023-11-10,CAD,1.3482
2023-11-10,AUD,1.3158
2023-11-10,EUR,0.9179
2023-11-10,GBP,0.8057
2023-11-11,USD,1.0
2023-11-11,CAD,1.3491
2023-11-11,AUD,1.3149
2023-11-11,EUR,0.9171
2023-11-11,GBP,0.7899
2023-11-12,USD,1.0
2023-11-12,CAD,1.3491
2023-11-12,AUD,1.3149
2023-11-12,EUR,0.9171
2023-11-12,GBP,0.7899
2023-11-13,USD,1.0
2023-11-13,CAD,1.3491
2023-11-13,AUD,1.3149
2023-11-13,EUR,0.9171
2023-11-13,GBP,0.7899
2023-11-14,USD,1.0
2023-11-14,CAD,1.3538
2023-11-14,AUD,1.3247
2023-11-14,EUR,0.9279
2023-11-14,GBP,0.7979
2023-11-15,USD,1.0
2023-11-15,CAD,1.3525
2023-11-15,AUD,1.3228
2023-11-15,EUR,0.9289
2023-11-15,GBP,0.8048
2023-11-16,USD,1.0
2023-11-16,CAD,1.3479
2023-11-16,AUD,1.3393
2023-11-16,EUR,0.9344
2023-11-16,GBP,0.8046
2023-11-17,USD,1.0
2023-11-17,CAD,1.3426
2023-11-17,AUD,1.3398
2023-11-17,EUR,0.9331
2023-11-17,GBP,0.803
2023-11-18,USD,1.0
2023-11-18,CAD,1.3515
2023-11-18,AUD,1.3525
2023-11-18,EUR,0.9408
2023-11-18,GBP,0.8112
2023-11-19,USD,1.0
2023-11-19,CAD,1.3515
2023-11-19,AUD,1.3525
2023-11-19,EUR,0.9408
2023-11-19,GBP,0.8112
2023-11-20,USD,1.0
2023-11-20,CAD,1.3515
2023-11-20,AUD,1.3525
2023-11-20,EUR,0.9408
2023-11-20,GBP,0.8112
2023-11-21,USD,1.0
2023-11-21,CAD,1.3459
2023-11-21,AUD,1.3568
2023-11-21,EUR,0.9406
2023-11-21,GBP,0.8064
2023-11-22,USD,1.0
2023-11-22,CAD,1.3403
2023-11-22,AUD,1.3518
2023-11-22,EUR,0.9419
2023-11-22,GBP,0.8046
2023-11-23,USD,1.0
2023-11-23,CAD,1.345
2023-11-23,AUD,1.3482
2023-11-23,EUR,0.9432
2023-11-23,GBP,0.8054
2023-11-24,USD,1.0
2023-11-24,CAD,1.3493
2023-11-24,AUD,1.3532
2023-11-24,EUR,0.948
2023-11-24,GBP,0.8039
2023-11-25,USD,1.0
2023-11-25,CAD,1.3491
2023-11-25,AUD,1.3435
2023-11-25,EUR,0.9441
2023-11-25,GBP,0.8042
2023-11-26,USD,1.0
2023-11-26,CAD,1.3491
2023-11-26,AUD,1.3435
2023-11-26,EUR,0.9441
2023-11-26,GBP,0.8042
2023-11-27,USD,1.0
2023-11-27,CAD,1.3491
2023-11-27,AUD,1.3435
2023-11-27,EUR,0.9441
2023-11-27,GBP,0.8042
2023-11-28,USD,1.0
2023-11-28,CAD,1.3451
2023-11-28,AUD,1.3406
2023-11-28,EUR,0.9445
2023-11-28,GBP,0.8057
2023-11-29,USD,1.0
2023-11-29,CAD,1.3457
2023-11-29,AUD,1.3436
2023-11-29,EUR,0.9455
2023-11-29,GBP,0.802
2023-11-30,USD,1.0
2023-11-30,CAD,1.3383
2023-11-30,AUD,1.3438
2023-11-30,EUR,0.9403
2023-11-30,GBP,0.8016
2023-12-01,USD,1.0
2023-12-01,CAD,1.34
2023-12-01,AUD,1.353
2023-12-01,EUR,0.941
2023-12-01,GBP,0.7914
2023-12-02,USD,1.0
2023-12-02,CAD,1.3303
2023-12-02,AUD,1.3468
2023-12-02,EUR,0.9397
2023-12-02,GBP,0.7922
2023-12-03,USD,1.0
2023-12-03,CAD,1.3303
2023-12-03,AUD,1.3468
2023-12-03,EUR,0.9397
2023-12-03,GBP,0.7922
2023-12-04,USD,1.0
2023-12-04,CAD,1.3303
2023-12-04,AUD,1.3468
2023-12-04,EUR,0.9397
2023-12-04,GBP,0.7922
2023-12-05,USD,1.0
2023-12-05,CAD,1.3306
2023-12-05,AUD,1.3447
2023-12-05,EUR,0.9344
2023-12-05,GBP,0.7865
2023-12-06,USD,1.0
2023-12-06,CAD,1.3268
2023-12-06,AUD,1.3411
2023-12-06,EUR,0.9316
2023-12-06,GBP,0.7845
2023-12-07,USD,1.0
2023-12-07,CAD,1.3273
2023-12-07,AUD,1.3428
2023-12-07,EUR,0.932
2023-12-07,GBP,0.7931
2023-12-08,USD,1.0
2023-12-08,CAD,1.3215
2023-12-08,AUD,1.3386
2023-12-08,EUR,0.9292
2023-12-08,GBP,0.7898
2023-12-09,USD,1.0
2023-12-09,CAD,1.3177
2023-12-09,AUD,1.3392
2023-12-09,EUR,0.9471
2023-12-09,GBP,0.7949
2023-12-10,USD,1.0
2023-12-10,CAD,1.3177
2023-12-10,AUD,1.3392
2023-12-10,EUR,0.9471
2023-12-10,GBP,0.7949
2023-12-11,USD,1.0
2023-12-11,CAD,1.3177
2023-12-11,AUD,1.3392
2023-12-11,EUR,0.9471
2023-12-11,GBP,0.7949
2023-12-12,USD,1.0
2023-12-12,CAD,1.3135
2023-12-12,AUD,1.3377
2023-12-12,EUR,0.9438
2023-12-12,GBP,0.7918
2023-12-13,USD,1.0
2023-12-13,CAD,1.3121
2023-12-13,AUD,1.3341
2023-12-13,EUR,0.9425
2023-12-13,GBP,0.7869
2023-12-14,USD,1.0
2023-12-14,CAD,1.3116
2023-12-14,AUD,1.3319
2023-12-14,EUR,0.9395
2023-12-14,GBP,0.7888
2023-12-15,USD,1.0
2023-12-15,CAD,1.3343
2023-12-15,AUD,1.3542
2023-12-15,EUR,0.9598
2023-12-15,GBP,0.8024
2023-12-16,USD,1.0
2023-12-16,CAD,1.3373
2023-12-16,AUD,1.364
2023-12-16,EUR,0.9579
2023-12-16,GBP,0.8036
2023-12-17,USD,1.0
2023-12-17,CAD,1.3373
2023-12-17,AUD,1.364
2023-12-17,EUR,0.9579
2023-12-17,GBP,0.8036
2023-12-18,USD,1.0
2023-12-18,CAD,1.3373
2023-12-18,AUD,1.364
2023-12-18,EUR,0.9579
2023-12-18,GBP,0.8036
2023-12-19,USD,1.0
2023-12-19,CAD,1.3382
2023-12-19,AUD,1.377
2023-12-19,EUR,0.9595
2023-12-19,GBP,0.8073
2023-12-20,USD,1.0
2023-12-20,CAD,1.3408
2023-12-20,AUD,1.3817
2023-12-20,EUR,0.9649
2023-12-20,GBP,0.8103
2023-12-21,USD,1.0
2023-12-21,CAD,1.3369
2023-12-21,AUD,1.3763
2023-12-21,EUR,0.9596
2023-12-21,GBP,0.8084
2023-12-22,USD,1.0
2023-12-22,CAD,1.3468
2023-12-22,AUD,1.3855
2023-12-22,EUR,0.9575
2023-12-22,GBP,0.8105
2023-12-23,USD,1.0
2023-12-23,CAD,1.3514
2023-12-23,AUD,1.3944
2023-12-23,EUR,0.9573
2023-12-23,GBP,0.8164
2023-12-24,USD,1.0
2023-12-24,CAD,1.3514
2023-12-24,AUD,1.3944
2023-12-24,EUR,0.9573
2023-12-24,GBP,0.8164
2023-12-25,USD,1.0
2023-12-25,CAD,1.3514
2023-12-25,AUD,1.3944
2023-12-25,EUR,0.9573
2023-12-25,GBP,0.8164
2023-12-26,USD,1.0
2023-12-26,CAD,1.3514
2023-12-26,AUD,1.3944
2023-12-26,EUR,0.9573
2023-12-26,GBP,0.8164
2023-12-27,USD,1.0
2023-12-27,CAD,1.3534
2023-12-27,AUD,1.3913
2023-12-27,EUR,0.9574
2023-12-27,GBP,0.8167
2023-12-28,USD,1.0
2023-12-28,CAD,1.3575
2023-12-28,AUD,1.3933
2023-12-28,EUR,0.9614
2023-12-28,GBP,0.8185
2023-12-29,USD,1.0
2023-12-29,CAD,1.3541
2023-12-29,AUD,1.3876
2023-12-29,EUR,0.9567
2023-12-29,GBP,0.816
2023-12-30,USD,1.0
2023-12-30,CAD,1.346
2023-12-30,AUD,1.3847
2023-12-30,EUR,0.9487
2023-12-30,GBP,0.8122
2023-12-31,USD,1.0
2023-12-31,CAD,1.346
2023-12-31,AUD,1.3847
2023-12-31,EUR,0.9487
2023-12-31,GBP,0.8122
2024-01-01,USD,1.0
2024-01-01,CAD,1.346
2024-01-01,AUD,1.3847
2024-01-01,EUR,0.9487
2024-01-01,GBP,0.8122
2024-01-02,USD,1.0
2024-01-02,CAD,1.3445
2024-01-02,AUD,1.3926
2024-01-02,EUR,0.9556
2024-01-02,GBP,0.8136
2024-01-03,USD,1.0
2024-01-03,CAD,1.3444
2024-01-03,AUD,1.3854
2024-01-03,EUR,0.9629
2024-01-03,GBP,0.8143
2024-01-04,USD,1.0
2024-01-04,CAD,1.3312
2024-01-04,AUD,1.3771
2024-01-04,EUR,0.9581
2024-01-04,GBP,0.8139
2024-01-05,USD,1.0
2024-01-05,CAD,1.33
2024-01-05,AUD,1.3714
2024-01-05,EUR,0.9523
2024-01-05,GBP,0.8136
2024-01-06,USD,1.0
2024-01-06,CAD,1.3258
2024-01-06,AUD,1.363
2024-01-06,EUR,0.9444
2024-01-06,GBP,0.8088
2024-01-07,USD,1.0
2024-01-07,CAD,1.3258
2024-01-07,AUD,1.363
2024-01-07,EUR,0.9444
2024-01-07,GBP,0.8088
2024-01-08,USD,1.0
2024-01-08,CAD,1.3258
2024-01-08,AUD,1.363
2024-01-08,EUR,0.9444
2024-01-08,GBP,0.8088
2024-01-09,USD,1.0
2024-01-09,CAD,1.3269
2024-01-09,AUD,1.3653
2024-01-09,EUR,0.9509
2024-01-09,GBP,0.8241
2024-01-10,USD,1.0
2024-01-10,CAD,1.3241
2024-01-10,AUD,1.3627
2024-01-10,EUR,0.9463
2024-01-10,GBP,0.8228
2024-01-11,USD,1.0
2024-01-11,CAD,1.3252
2024-01-11,AUD,1.3559
2024-01-11,EUR,0.9521
2024-01-11,GBP,0.8257
2024-01-12,USD,1.0
2024-01-12,CAD,1.3057
2024-01-12,AUD,1.3302
2024-01-12,EUR,0.9364
2024-01-12,GBP,0.8132
2024-01-13,USD,1.0
2024-01-13,CAD,1.3141
2024-01-13,AUD,1.3343
2024-01-13,EUR,0.938
2024-01-13,GBP,0.8212
2024-01-14,USD,1.0
2024-01-14,CAD,1.3141
2024-01-14,AUD,1.3343
2024-01-14,EUR,0.938
2024-01-14,GBP,0.8212
2024-01-15,USD,1.0
2024-01-15,CAD,1.3141
2024-01-15,AUD,1.3343
2024-01-15,EUR,0.938
2024-01-15,GBP,0.8212
2024-01-16,USD,1.0
2024-01-16,CAD,1.3146
2024-01-16,AUD,1.3377
2024-01-16,EUR,0.9439
2024-01-16,GBP,0.8288
2024-01-17,USD,1.0
2024-01-17,CAD,1.306
2024-01-17,AUD,1.3255
2024-01-17,EUR,0.936
2024-01-17,GBP,0.8123
2024-01-18,USD,1.0
2024-01-18,CAD,1.3115
2024-01-18,AUD,1.3248
2024-01-18,EUR,0.9377
2024-01-18,GBP,0.8143
2024-01-19,USD,1.0
2024-01-19,CAD,1.3282
2024-01-19,AUD,1.3229
2024-01-19,EUR,0.9374
2024-01-19,GBP,0.8114
2024-01-20,USD,1.0
2024-01-20,CAD,1.3372
2024-01-20,AUD,1.3276
2024-01-20,EUR,0.9406
2024-01-20,GBP,0.8145
2024-01-21,USD,1.0
2024-01-21,CAD,1.3372
2024-01-21,AUD,1.3276
2024-01-21,EUR,0.9406
2024-01-21,GBP,0.8145
2024-01-22,USD,1.0
2024-01-22,CAD,1.3372
2024-01-22,AUD,1.3276
2024-01-22,EUR,0.9406
2024-01-22,GBP,0.8145
2024-01-23,USD,1.0
2024-01-23,CAD,1.3314
2024-01-23,AUD,1.3212
2024-01-23,EUR,0.9333
2024-01-23,GBP,0.804
2024-01-24,USD,1.0
2024-01-24,CAD,1.3274
2024-01-24,AUD,1.321
2024-01-24,EUR,0.9304
2024-01-24,GBP,0.8034
2024-01-25,USD,1.0
2024-01-25,CAD,1.3097
2024-01-25,AUD,1.323
2024-01-25,EUR,0.9308
2024-01-25,GBP,0.7942
2024-01-26,USD,1.0
2024-01-26,CAD,1.3129
2024-01-26,AUD,1.3276
2024-01-26,EUR,0.9346
2024-01-26,GBP,0.7957
2024-01-27,USD,1.0
2024-01-27,CAD,1.3119
2024-01-27,AUD,1.3266
2024-01-27,EUR,0.9362
2024-01-27,GBP,0.7974
2024-01-28,USD,1.0
2024-01-28,CAD,1.3119
2024-01-28,AUD,1.3266
2024-01-28,EUR,0.9362
2024-01-28,GBP,0.7974
2024-01-29,USD,1.0
2024-01-29,CAD,1.3119
2024-01-29,AUD,1.3266
2024-01-29,EUR,0.9362
2024-01-29,GBP,0.7974
2024-01-30,USD,1.0
2024-01-30,CAD,1.3154
2024-01-30,AUD,1.3273
2024-01-30,EUR,0.9407
2024-01-30,GBP,0.799
2024-01-31,USD,1.0
2024-01-31,CAD,1.3069
2024-01-31,AUD,1.3201
2024-01-31,EUR,0.9298
2024-01-31,GBP,0.8006
2024-02-01,USD,1.0
2024-02-01,CAD,1.3065
2024-02-01,AUD,1.3184
2024-02-01,EUR,0.9268
2024-02-01,GBP,0.7916
2024-02-02,USD,1.0
2024-02-02,CAD,1.3
2024-02-02,AUD,1.3009
2024-02-02,EUR,0.9252
2024-02-02,GBP,0.7963
2024-02-03,USD,1.0
2024-02-03,CAD,1.3056
2024-02-03,AUD,1.3087
2024-02-03,EUR,0.931
2024-02-03,GBP,0.8008
2024-02-04,USD,1.0
2024-02-04,CAD,1.3056
2024-02-04,AUD,1.3087
2024-02-04,EUR,0.931
2024-02-04,GBP,0.8008
2024-02-05,USD,1.0
2024-02-05,CAD,1.3056
2024-02-05,AUD,1.3087
2024-02-05,EUR,0.931
2024-02-05,GBP,0.8008
2024-02-06,USD,1.0
2024-02-06,CAD,1.3057
2024-02-06,AUD,1.3075
2024-02-06,EUR,0.9335
2024-02-06,GBP,0.8024
2024-02-07,USD,1.0
2024-02-07,CAD,1.3182
2024-02-07,AUD,1.3128
2024-02-07,EUR,0.9368
2024-02-07,GBP,0.8087
2024-02-08,USD,1.0
2024-02-08,CAD,1.3146
2024-02-08,AUD,1.309
2024-02-08,EUR,0.9376
2024-02-08,GBP,0.8
2024-02-09,USD,1.0
2024-02-09,CAD,1.3109
2024-02-09,AUD,1.3061
2024-02-09,EUR,0.9353
2024-02-09,GBP,0.7958
2024-02-10,USD,1.0
2024-02-10,CAD,1.3139
2024-02-10,AUD,1.3082
2024-02-10,EUR,0.9408
2024-02-10,GBP,0.8024
2024-02-11,USD,1.0
2024-02-11,CAD,1.3139
2024-02-11,AUD,1.3082
2024-02-11,EUR,0.9408
2024-02-11,GBP,0.8024
2024-02-12,USD,1.0
2024-02-12,CAD,1.3139
2024-02-12,AUD,1.3082
2024-02-12,EUR,0.9408
2024-02-12,GBP,0.8024
2024-02-13,USD,1.0
2024-02-13,CAD,1.3093
2024-02-13,AUD,1.3046
2024-02-13,EUR,0.9408
2024-02-13,GBP,0.7987
2024-02-14,USD,1.0
2024-02-14,CAD,1.303
2024-02-14,AUD,1.3003
2024-02-14,EUR,0.9414
2024-02-14,GBP,0.8011
2024-02-15,USD,1.0
2024-02-15,CAD,1.3083
2024-02-15,AUD,1.3037
2024-02-15,EUR,0.9474
2024-02-15,GBP,0.8053
2024-02-16,USD,1.0
2024-02-16,CAD,1.3016
2024-02-16,AUD,1.2963
2024-02-16,EUR,0.9388
2024-02-16,GBP,0.799
2024-02-17,USD,1.0
2024-02-17,CAD,1.3079
2024-02-17,AUD,1.3044
2024-02-17,EUR,0.939
2024-02-17,GBP,0.8049
2024-02-18,USD,1.0
2024-02-18,CAD,1.3079
2024-02-18,AUD,1.3044
2024-02-18,EUR,0.939
2024-02-18,GBP,0.8049
2024-02-19,USD,1.0
2024-02-19,CAD,1.3079
2024-02-19,AUD,1.3044
2024-02-19,EUR,0.939
2024-02-19,GBP,0.8049
2024-02-20,USD,1.0
2024-02-20,CAD,1.311
2024-02-20,AUD,1.3032
2024-02-20,EUR,0.942
2024-02-20,GBP,0.802
2024-02-21,USD,1.0
2024-02-21,CAD,1.3135
2024-02-21,AUD,1.3061
2024-02-21,EUR,0.949
2024-02-21,GBP,0.8054
2024-02-22,USD,1.0
2024-02-22,CAD,1.3168
2024-02-22,AUD,1.3021
2024-02-22,EUR,0.9512
2024-02-22,GBP,0.8033
2024-02-23,USD,1.0
2024-02-23,CAD,1.3116
2024-02-23,AUD,1.2949
2024-02-23,EUR,0.9458
2024-02-23,GBP,0.8004
2024-02-24,USD,1.0
2024-02-24,CAD,1.3109
2024-02-24,AUD,1.3023
2024-02-24,EUR,0.9426
2024-02-24,GBP,0.7965
2024-02-25,USD,1.0
2024-02-25,CAD,1.3109
2024-02-25,AUD,1.3023
2024-02-25,EUR,0.9426
2024-02-25,GBP,0.7965
2024-02-26,USD,1.0
2024-02-26,CAD,1.3109
2024-02-26,AUD,1.3023
2024-02-26,EUR,0.9426
2024-02-26,GBP,0.7965
2024-02-27,USD,1.0
2024-02-27,CAD,1.3119
2024-02-27,AUD,1.3031
2024-02-27,EUR,0.9446
2024-02-27,GBP,0.8055
2024-02-28,USD,1.0
2024-02-28,CAD,1.3196
2024-02-28,AUD,1.3029
2024-02-28,EUR,0.9437
2024-02-28,GBP,0.805
2024-03-01,USD,1.0
2024-03-01,CAD,1.3333
2024-03-01,AUD,1.3056
2024-03-01,EUR,0.9494
2024-03-01,GBP,0.8122
2024-03-02,USD,1.0
2024-03-02,CAD,1.3381
2024-03-02,AUD,1.3163
2024-03-02,EUR,0.9511
2024-03-02,GBP,0.8138
2024-03-03,USD,1.0
2024-03-03,CAD,1.3404
2024-03-03,AUD,1.321
2024-03-03,EUR,0.9465
2024-03-03,GBP,0.8174
2024-03-04,USD,1.0
2024-03-04,CAD,1.3404
2024-03-04,AUD,1.321
2024-03-04,EUR,0.9465
2024-03-04,GBP,0.8174
2024-03-05,USD,1.0
2024-03-05,CAD,1.3404
2024-03-05,AUD,1.321
2024-03-05,EUR,0.9465
2024-03-05,GBP,0.8174
2024-03-06,USD,1.0
2024-03-06,CAD,1.339
2024-03-06,AUD,1.3158
2024-03-06,EUR,0.9441
2024-03-06,GBP,0.8148
2024-03-07,USD,1.0
2024-03-07,CAD,1.3418
2024-03-07,AUD,1.3162
2024-03-07,EUR,0.9455
2024-03-07,GBP,0.8199
2024-03-08,USD,1.0
2024-03-08,CAD,1.3445
2024-03-08,AUD,1.3232
2024-03-08,EUR,0.9473
2024-03-08,GBP,0.8218
2024-03-09,USD,1.0
2024-03-09,CAD,1.3527
2024-03-09,AUD,1.3311
2024-03-09,EUR,0.9478
2024-03-09,GBP,0.8213
2024-03-10,USD,1.0
2024-03-10,CAD,1.3504
2024-03-10,AUD,1.329
2024-03-10,EUR,0.9429
2024-03-10,GBP,0.8226
2024-03-11,USD,1.0
2024-03-11,CAD,1.3504
2024-03-11,AUD,1.329
2024-03-11,EUR,0.9429
2024-03-11,GBP,0.8226
2024-03-12,USD,1.0
2024-03-12,CAD,1.3504
2024-03-12,AUD,1.329
2024-03-12,EUR,0.9429
2024-03-12,GBP,0.8226
2024-03-13,USD,1.0
2024-03-13,CAD,1.3458
2024-03-13,AUD,1.3203
2024-03-13,EUR,0.9378
2024-03-13,GBP,0.8183
2024-03-14,USD,1.0
2024-03-14,CAD,1.3487
2024-03-14,AUD,1.3238
2024-03-14,EUR,0.9406
2024-03-14,GBP,0.8237
2024-03-15,USD,1.0
2024-03-15,CAD,1.3454
2024-03-15,AUD,1.3173
2024-03-15,EUR,0.9414
2024-03-15,GBP,0.8197
2024-03-16,USD,1.0
2024-03-16,CAD,1.3311
2024-03-16,AUD,1.3001
2024-03-16,EUR,0.9323
2024-03-16,GBP,0.8093
2024-03-17,USD,1.0
2024-03-17,CAD,1.3315
2024-03-17,AUD,1.2983
2024-03-17,EUR,0.9314
2024-03-17,GBP,0.8091
2024-03-18,USD,1.0
2024-03-18,CAD,1.3315
2024-03-18,AUD,1.2983
2024-03-18,EUR,0.9314
2024-03-18,GBP,0.8091
2024-03-19,USD,1.0
2024-03-19,CAD,1.3315
2024-03-19,AUD,1.2983
2024-03-19,EUR,0.9314
2024-03-19,GBP,0.8091
2024-03-20,USD,1.0
2024-03-20,CAD,1.3355
2024-03-20,AUD,1.2948
2024-03-20,EUR,0.9301
2024-03-20,GBP,0.8072
2024-03-21,USD,1.0
2024-03-21,CAD,1.3284
2024-03-21,AUD,1.2932
2024-03-21,EUR,0.9258
2024-03-21,GBP,0.8031
2024-03-22,USD,1.0
2024-03-22,CAD,1.3378
2024-03-22,AUD,1.3034
2024-03-22,EUR,0.9253
2024-03-22,GBP,0.8031
2024-03-23,USD,1.0
2024-03-23,CAD,1.3339
2024-03-23,AUD,1.3102
2024-03-23,EUR,0.9271
2024-03-23,GBP,0.7999
2024-03-24,USD,1.0
2024-03-24,CAD,1.3372
2024-03-24,AUD,1.3125
2024-03-24,EUR,0.9255
2024-03-24,GBP,0.8015
2024-03-25,USD,1.0
2024-03-25,CAD,1.3372
2024-03-25,AUD,1.3125
2024-03-25,EUR,0.9255
2024-03-25,GBP,0.8015
2024-03-26,USD,1.0
2024-03-26,CAD,1.3372
2024-03-26,AUD,1.3125
2024-03-26,EUR,0.9255
2024-03-26,GBP,0.8015
2024-03-27,USD,1.0
2024-03-27,CAD,1.3349
2024-03-27,AUD,1.3097
2024-03-27,EUR,0.9184
2024-03-27,GBP,0.7935
2024-03-28,USD,1.0
2024-03-28,CAD,1.3395
2024-03-28,AUD,1.3151
2024-03-28,EUR,0.9209
2024-03-28,GBP,0.7962
2024-03-29,USD,1.0
2024-03-29,CAD,1.3379
2024-03-29,AUD,1.3082
2024-03-29,EUR,0.9304
2024-03-29,GBP,0.8037
2024-03-30,USD,1.0
2024-03-30,CAD,1.3337
2024-03-30,AUD,1.3028
2024-03-30,EUR,0.9314
2024-03-30,GBP,0.8026
2024-03-31,USD,1.0
2024-03-31,CAD,1.3343
2024-03-31,AUD,1.3078
2024-03-31,EUR,0.9354
2024-03-31,GBP,0.8002
2024-04-01,USD,1.0
2024-04-01,CAD,1.3343
2024-04-01,AUD,1.3078
2024-04-01,EUR,0.9354
2024-04-01,GBP,0.8002
2024-04-02,USD,1.0
2024-04-02,CAD,1.3343
2024-04-02,AUD,1.3078
2024-04-02,EUR,0.9354
2024-04-02,GBP,0.8002
2024-04-03,USD,1.0
2024-04-03,CAD,1.3347
2024-04-03,AUD,1.3143
2024-04-03,EUR,0.938
2024-04-03,GBP,0.7997
2024-04-04,USD,1.0
2024-04-04,CAD,1.3445
2024-04-04,AUD,1.3247
2024-04-04,EUR,0.9389
2024-04-04,GBP,0.8039
2024-04-05,USD,1.0
2024-04-05,CAD,1.3384
2024-04-05,AUD,1.3191
2024-04-05,EUR,0.9365
2024-04-05,GBP,0.8008
2024-04-06,USD,1.0
2024-04-06,CAD,1.3428
2024-04-06,AUD,1.3222
2024-04-06,EUR,0.9376
2024-04-06,GBP,0.8025
2024-04-07,USD,1.0
2024-04-07,CAD,1.3411
2024-04-07,AUD,1.3286
2024-04-07,EUR,0.9407
2024-04-07,GBP,0.805
2024-04-08,USD,1.0
2024-04-08,CAD,1.3411
2024-04-08,AUD,1.3286
2024-04-08,EUR,0.9407
2024-04-08,GBP,0.805
2024-04-09,USD,1.0
2024-04-09,CAD,1.3411
2024-04-09,AUD,1.3286
2024-04-09,EUR,0.9407
2024-04-09,GBP,0.805
2024-04-10,USD,1.0
2024-04-10,CAD,1.3382
2024-04-10,AUD,1.3348
2024-04-10,EUR,0.9454
2024-04-10,GBP,0.8067
2024-04-11,USD,1.0
2024-04-11,CAD,1.3319
2024-04-11,AUD,1.3317
2024-04-11,EUR,0.942
2024-04-11,GBP,0.8038
2024-04-12,USD,1.0
2024-04-12,CAD,1.3309
2024-04-12,AUD,1.3355
2024-04-12,EUR,0.943
2024-04-12,GBP,0.8
2024-04-13,USD,1.0
2024-04-13,CAD,1.3235
2024-04-13,AUD,1.3196
2024-04-13,EUR,0.9407
2024-04-13,GBP,0.7974
2024-04-14,USD,1.0
2024-04-14,CAD,1.3235
2024-04-14,AUD,1.3196
2024-04-14,EUR,0.9407
2024-04-14,GBP,0.7974
2024-04-15,USD,1.0
2024-04-15,CAD,1.3235
2024-04-15,AUD,1.3196
2024-04-15,EUR,0.9407
2024-04-15,GBP,0.7974
2024-04-16,USD,1.0
2024-04-16,CAD,1.3235
2024-04-16,AUD,1.3196
2024-04-16,EUR,0.9407
2024-04-16,GBP,0.7974
2024-04-17,USD,1.0
2024-04-17,CAD,1.3235
2024-04-17,AUD,1.3196
2024-04-17,EUR,0.9407
2024-04-17,GBP,0.7974
2024-04-18,USD,1.0
2024-04-18,CAD,1.3362
2024-04-18,AUD,1.3251
2024-04-18,EUR,0.9362
2024-04-18,GBP,0.7899
2024-04-19,USD,1.0
2024-04-19,CAD,1.3441
2024-04-19,AUD,1.3291
2024-04-19,EUR,0.9324
2024-04-19,GBP,0.7779
2024-04-20,USD,1.0
2024-04-20,CAD,1.3489
2024-04-20,AUD,1.3288
2024-04-20,EUR,0.9307
2024-04-20,GBP,0.781
2024-04-21,USD,1.0
2024-04-21,CAD,1.3473
2024-04-21,AUD,1.3291
2024-04-21,EUR,0.9348
2024-04-21,GBP,0.7826
2024-04-22,USD,1.0
2024-04-22,CAD,1.3473
2024-04-22,AUD,1.3291
2024-04-22,EUR,0.9348
2024-04-22,GBP,0.7826
2024-04-23,USD,1.0
2024-04-23,CAD,1.3473
2024-04-23,AUD,1.3291
2024-04-23,EUR,0.9348
2024-04-23,GBP,0.7826
2024-04-24,USD,1.0
2024-04-24,CAD,1.3431
2024-04-24,AUD,1.321
2024-04-24,EUR,0.9218
2024-04-24,GBP,0.782
2024-04-25,USD,1.0
2024-04-25,CAD,1.358
2024-04-25,AUD,1.3272
2024-04-25,EUR,0.9182
2024-04-25,GBP,0.7798
2024-04-26,USD,1.0
2024-04-26,CAD,1.3579
2024-04-26,AUD,1.3365
2024-04-26,EUR,0.918
2024-04-26,GBP,0.7794
2024-04-27,USD,1.0
2024-04-27,CAD,1.3586
2024-04-27,AUD,1.3396
2024-04-27,EUR,0.919
2024-04-27,GBP,0.7758
2024-04-28,USD,1.0
2024-04-28,CAD,1.3645
2024-04-28,AUD,1.3384
2024-04-28,EUR,0.9149
2024-04-28,GBP,0.7729
2024-04-29,USD,1.0
2024-04-29,CAD,1.3645
2024-04-29,AUD,1.3384
2024-04-29,EUR,0.9149
2024-04-29,GBP,0.7729
2024-04-30,USD,1.0
2024-04-30,CAD,1.3645
2024-04-30,AUD,1.3384
2024-04-30,EUR,0.9149
2024-04-30,GBP,0.7729
2024-05-01,USD,1.0
2024-05-01,CAD,1.3645
2024-05-01,AUD,1.3384
2024-05-01,EUR,0.9149
2024-05-01,GBP,0.7729
2024-05-02,USD,1.0
2024-05-02,CAD,1.3677
2024-05-02,AUD,1.3301
2024-05-02,EUR,0.9162
2024-05-02,GBP,0.7743
2024-05-03,USD,1.0
2024-05-03,CAD,1.3728
2024-05-03,AUD,1.3385
2024-05-03,EUR,0.9158
2024-05-03,GBP,0.7733
2024-05-04,USD,1.0
2024-05-04,CAD,1.3737
2024-05-04,AUD,1.352
2024-05-04,EUR,0.9152
2024-05-04,GBP,0.7757
2024-05-05,USD,1.0
2024-05-05,CAD,1.3771
2024-05-05,AUD,1.3532
2024-05-05,EUR,0.9123
2024-05-05,GBP,0.7728
2024-05-06,USD,1.0
2024-05-06,CAD,1.3771
2024-05-06,AUD,1.3532
2024-05-06,EUR,0.9123
2024-05-06,GBP,0.7728
2024-05-07,USD,1.0
2024-05-07,CAD,1.3771
2024-05-07,AUD,1.3532
2024-05-07,EUR,0.9123
2024-05-07,GBP,0.7728
2024-05-08,USD,1.0
2024-05-08,CAD,1.3701
2024-05-08,AUD,1.3523
2024-05-08,EUR,0.9142
2024-05-08,GBP,0.7722
2024-05-09,USD,1.0
2024-05-09,CAD,1.3704
2024-05-09,AUD,1.3601
2024-05-09,EUR,0.9184
2024-05-09,GBP,0.7742
2024-05-10,USD,1.0
2024-05-10,CAD,1.3697
2024-05-10,AUD,1.3545
2024-05-10,EUR,0.9189
2024-05-10,GBP,0.7718
2024-05-11,USD,1.0
2024-05-11,CAD,1.3726
2024-05-11,AUD,1.357
2024-05-11,EUR,0.9208
2024-05-11,GBP,0.7779
2024-05-12,USD,1.0
2024-05-12,CAD,1.3738
2024-05-12,AUD,1.3545
2024-05-12,EUR,0.9195
2024-05-12,GBP,0.7777
2024-05-13,USD,1.0
2024-05-13,CAD,1.3738
2024-05-13,AUD,1.3545
2024-05-13,EUR,0.9195
2024-05-13,GBP,0.7777
2024-05-14,USD,1.0
2024-05-14,CAD,1.3738
2024-05-14,AUD,1.3545
2024-05-14,EUR,0.9195
2024-05-14,GBP,0.7777
2024-05-15,USD,1.0
2024-05-15,CAD,1.3608
2024-05-15,AUD,1.3435
2024-05-15,EUR,0.9114
2024-05-15,GBP,0.774
2024-05-16,USD,1.0
2024-05-16,CAD,1.3616
2024-05-16,AUD,1.3491
2024-05-16,EUR,0.9042
2024-05-16,GBP,0.7765
2024-05-17,USD,1.0
2024-05-17,CAD,1.3615
2024-05-17,AUD,1.3505
2024-05-17,EUR,0.8995
2024-05-17,GBP,0.7713
2024-05-18,USD,1.0
2024-05-18,CAD,1.3643
2024-05-18,AUD,1.344
2024-05-18,EUR,0.8986
2024-05-18,GBP,0.767
2024-05-19,USD,1.0
2024-05-19,CAD,1.3569
2024-05-19,AUD,1.3446
2024-05-19,EUR,0.8945
2024-05-19,GBP,0.7685
2024-05-20,USD,1.0
2024-05-20,CAD,1.3569
2024-05-20,AUD,1.3446
2024-05-20,EUR,0.8945
2024-05-20,GBP,0.7685
2024-05-21,USD,1.0
2024-05-21,CAD,1.3569
2024-05-21,AUD,1.3446
2024-05-21,EUR,0.8945
2024-05-21,GBP,0.7685
2024-05-22,USD,1.0
2024-05-22,CAD,1.3496
2024-05-22,AUD,1.3385
2024-05-22,EUR,0.8894
2024-05-22,GBP,0.7681
2024-05-23,USD,1.0
2024-05-23,CAD,1.3468
2024-05-23,AUD,1.3321
2024-05-23,EUR,0.8917
2024-05-23,GBP,0.771
2024-05-24,USD,1.0
2024-05-24,CAD,1.3499
2024-05-24,AUD,1.3374
2024-05-24,EUR,0.8934
2024-05-24,GBP,0.7714
2024-05-25,USD,1.0
2024-05-25,CAD,1.3432
2024-05-25,AUD,1.3396
2024-05-25,EUR,0.8917
2024-05-25,GBP,0.7716
2024-05-26,USD,1.0
2024-05-26,CAD,1.3466
2024-05-26,AUD,1.3432
2024-05-26,EUR,0.8932
2024-05-26,GBP,0.7788
2024-05-27,USD,1.0
2024-05-27,CAD,1.3466
2024-05-27,AUD,1.3432
2024-05-27,EUR,0.8932
2024-05-27,GBP,0.7788
2024-05-28,USD,1.0
2024-05-28,CAD,1.3466
2024-05-28,AUD,1.3432
2024-05-28,EUR,0.8932
2024-05-28,GBP,0.7788
2024-05-29,USD,1.0
2024-05-29,CAD,1.3455
2024-05-29,AUD,1.3447
2024-05-29,EUR,0.8938
2024-05-29,GBP,0.7785
2024-05-30,USD,1.0
2024-05-30,CAD,1.3468
2024-05-30,AUD,1.3418
2024-05-30,EUR,0.895
2024-05-30,GBP,0.7768
2024-05-31,USD,1.0
2024-05-31,CAD,1.3464
2024-05-31,AUD,1.3416
2024-05-31,EUR,0.8912
2024-05-31,GBP,0.7786
2024-06-01,USD,1.0
2024-06-01,CAD,1.3508
2024-06-01,AUD,1.3532
2024-06-01,EUR,0.8913
2024-06-01,GBP,0.7775
2024-06-02,USD,1.0
2024-06-02,CAD,1.3523
2024-06-02,AUD,1.3527
2024-06-02,EUR,0.8915
2024-06-02,GBP,0.778
2024-06-03,USD,1.0
2024-06-03,CAD,1.3523
2024-06-03,AUD,1.3527
2024-06-03,EUR,0.8915
2024-06-03,GBP,0.778
2024-06-04,USD,1.0
2024-06-04,CAD,1.3523
2024-06-04,AUD,1.3527
2024-06-04,EUR,0.8915
2024-06-04,GBP,0.778
2024-06-05,USD,1.0
2024-06-05,CAD,1.3489
2024-06-05,AUD,1.337
2024-06-05,EUR,0.889
2024-06-05,GBP,0.7746
2024-06-06,USD,1.0
2024-06-06,CAD,1.3475
2024-06-06,AUD,1.3359
2024-06-06,EUR,0.8883
2024-06-06,GBP,0.7748
2024-06-07,USD,1.0
2024-06-07,CAD,1.3448
2024-06-07,AUD,1.3234
2024-06-07,EUR,0.8915
2024-06-07,GBP,0.7748
2024-06-08,USD,1.0
2024-06-08,CAD,1.3514
2024-06-08,AUD,1.3264
2024-06-08,EUR,0.8906
2024-06-08,GBP,0.7726
2024-06-09,USD,1.0
2024-06-09,CAD,1.3509
2024-06-09,AUD,1.3276
2024-06-09,EUR,0.8948
2024-06-09,GBP,0.7842
2024-06-10,USD,1.0
2024-06-10,CAD,1.3509
2024-06-10,AUD,1.3276
2024-06-10,EUR,0.8948
2024-06-10,GBP,0.7842
2024-06-11,USD,1.0
2024-06-11,CAD,1.3509
2024-06-11,AUD,1.3276
2024-06-11,EUR,0.8948
2024-06-11,GBP,0.7842
2024-06-12,USD,1.0
2024-06-12,CAD,1.3437
2024-06-12,AUD,1.3256
2024-06-12,EUR,0.8912
2024-06-12,GBP,0.7891
2024-06-13,USD,1.0
2024-06-13,CAD,1.3276
2024-06-13,AUD,1.3266
2024-06-13,EUR,0.8915
2024-06-13,GBP,0.7852
2024-06-14,USD,1.0
2024-06-14,CAD,1.3207
2024-06-14,AUD,1.3191
2024-06-14,EUR,0.8926
2024-06-14,GBP,0.7851
2024-06-15,USD,1.0
2024-06-15,CAD,1.3278
2024-06-15,AUD,1.3185
2024-06-15,EUR,0.8956
2024-06-15,GBP,0.7849
2024-06-16,USD,1.0
2024-06-16,CAD,1.3223
2024-06-16,AUD,1.3149
2024-06-16,EUR,0.8955
2024-06-16,GBP,0.7831
2024-06-17,USD,1.0
2024-06-17,CAD,1.3223
2024-06-17,AUD,1.3149
2024-06-17,EUR,0.8955
2024-06-17,GBP,0.7831
2024-06-18,USD,1.0
2024-06-18,CAD,1.3223
2024-06-18,AUD,1.3149
2024-06-18,EUR,0.8955
2024-06-18,GBP,0.7831
2024-06-19,USD,1.0
2024-06-19,CAD,1.324
2024-06-19,AUD,1.3131
2024-06-19,EUR,0.8929
2024-06-19,GBP,0.7815
2024-06-20,USD,1.0
2024-06-20,CAD,1.3277
2024-06-20,AUD,1.3153
2024-06-20,EUR,0.8964
2024-06-20,GBP,0.7901
2024-06-21,USD,1.0
2024-06-21,CAD,1.328
2024-06-21,AUD,1.3221
2024-06-21,EUR,0.8971
2024-06-21,GBP,0.7877
2024-06-22,USD,1.0
2024-06-22,CAD,1.3298
2024-06-22,AUD,1.3262
2024-06-22,EUR,0.8953
2024-06-22,GBP,0.7894
2024-06-23,USD,1.0
2024-06-23,CAD,1.3231
2024-06-23,AUD,1.3214
2024-06-23,EUR,0.895
2024-06-23,GBP,0.7859
2024-06-24,USD,1.0
2024-06-24,CAD,1.3231
2024-06-24,AUD,1.3214
2024-06-24,EUR,0.895
2024-06-24,GBP,0.7859
2024-06-25,USD,1.0
2024-06-25,CAD,1.3231
2024-06-25,AUD,1.3214
2024-06-25,EUR,0.895
2024-06-25,GBP,0.7859
2024-06-26,USD,1.0
2024-06-26,CAD,1.324
2024-06-26,AUD,1.3204
2024-06-26,EUR,0.8939
2024-06-26,GBP,0.7851
2024-06-27,USD,1.0
2024-06-27,CAD,1.3207
2024-06-27,AUD,1.314
2024-06-27,EUR,0.8867
2024-06-27,GBP,0.7836
2024-06-28,USD,1.0
2024-06-28,CAD,1.3088
2024-06-28,AUD,1.3175
2024-06-28,EUR,0.8791
2024-06-28,GBP,0.7782
2024-06-29,USD,1.0
2024-06-29,CAD,1.3026
2024-06-29,AUD,1.3027
2024-06-29,EUR,0.8762
2024-06-29,GBP,0.771
2024-06-30,USD,1.0
2024-06-30,CAD,1.2956
2024-06-30,AUD,1.3013
2024-06-30,EUR,0.8763
2024-06-30,GBP,0.7705
2024-07-01,USD,1.0
2024-07-01,CAD,1.2956
2024-07-01,AUD,1.3013
2024-07-01,EUR,0.8763
2024-07-01,GBP,0.7705
2024-07-02,USD,1.0
2024-07-02,CAD,1.2956
2024-07-02,AUD,1.3013
2024-07-02,EUR,0.8763
2024-07-02,GBP,0.7705
2024-07-03,USD,1.0
2024-07-03,CAD,1.2978
2024-07-03,AUD,1.306
2024-07-03,EUR,0.8796
2024-07-03,GBP,0.7714
2024-07-04,USD,1.0
2024-07-04,CAD,1.2975
2024-07-04,AUD,1.3144
2024-07-04,EUR,0.8808
2024-07-04,GBP,0.7734
2024-07-05,USD,1.0
2024-07-05,CAD,1.296
2024-07-05,AUD,1.3166
2024-07-05,EUR,0.8827
2024-07-05,GBP,0.7744
2024-07-06,USD,1.0
2024-07-06,CAD,1.2936
2024-07-06,AUD,1.3182
2024-07-06,EUR,0.8783
2024-07-06,GBP,0.7731
2024-07-07,USD,1.0
2024-07-07,CAD,1.2974
2024-07-07,AUD,1.3149
2024-07-07,EUR,0.8763
2024-07-07,GBP,0.7754
2024-07-08,USD,1.0
2024-07-08,CAD,1.2974
2024-07-08,AUD,1.3149
2024-07-08,EUR,0.8763
2024-07-08,GBP,0.7754
2024-07-09,USD,1.0
2024-07-09,CAD,1.2974
2024-07-09,AUD,1.3149
2024-07-09,EUR,0.8763
2024-07-09,GBP,0.7754
2024-07-10,USD,1.0
2024-07-10,CAD,1.2912
2024-07-10,AUD,1.3172
2024-07-10,EUR,0.8782
2024-07-10,GBP,0.7767
2024-07-11,USD,1.0
2024-07-11,CAD,1.2905
2024-07-11,AUD,1.3142
2024-07-11,EUR,0.8768
2024-07-11,GBP,0.7744
2024-07-12,USD,1.0
2024-07-12,CAD,1.2934
2024-07-12,AUD,1.3072
2024-07-12,EUR,0.8734
2024-07-12,GBP,0.7767
2024-07-13,USD,1.0
2024-07-13,CAD,1.2756
2024-07-13,AUD,1.2937
2024-07-13,EUR,0.8759
2024-07-13,GBP,0.7727
2024-07-14,USD,1.0
2024-07-14,CAD,1.2724
2024-07-14,AUD,1.2887
2024-07-14,EUR,0.876
2024-07-14,GBP,0.7708
2024-07-15,USD,1.0
2024-07-15,CAD,1.2724
2024-07-15,AUD,1.2887
2024-07-15,EUR,0.876
2024-07-15,GBP,0.7708
2024-07-16,USD,1.0
2024-07-16,CAD,1.2724
2024-07-16,AUD,1.2887
2024-07-16,EUR,0.876
2024-07-16,GBP,0.7708
2024-07-17,USD,1.0
2024-07-17,CAD,1.2652
2024-07-17,AUD,1.277
2024-07-17,EUR,0.8724
2024-07-17,GBP,0.7656
2024-07-18,USD,1.0
2024-07-18,CAD,1.259
2024-07-18,AUD,1.2605
2024-07-18,EUR,0.8654
2024-07-18,GBP,0.7683
2024-07-19,USD,1.0
2024-07-19,CAD,1.2607
2024-07-19,AUD,1.26
2024-07-19,EUR,0.8671
2024-07-19,GBP,0.7672
2024-07-20,USD,1.0
2024-07-20,CAD,1.2614
2024-07-20,AUD,1.2634
2024-07-20,EUR,0.8707
2024-07-20,GBP,0.7725
2024-07-21,USD,1.0
2024-07-21,CAD,1.2596
2024-07-21,AUD,1.2626
2024-07-21,EUR,0.859
2024-07-21,GBP,0.7697
2024-07-22,USD,1.0
2024-07-22,CAD,1.2596
2024-07-22,AUD,1.2626
2024-07-22,EUR,0.859
2024-07-22,GBP,0.7697
2024-07-23,USD,1.0
2024-07-23,CAD,1.2596
2024-07-23,AUD,1.2626
2024-07-23,EUR,0.859
2024-07-23,GBP,0.7697
2024-07-24,USD,1.0
2024-07-24,CAD,1.2521
2024-07-24,AUD,1.2587
2024-07-24,EUR,0.8585
2024-07-24,GBP,0.7671
2024-07-25,USD,1.0
2024-07-25,CAD,1.2492
2024-07-25,AUD,1.2565
2024-07-25,EUR,0.8551
2024-07-25,GBP,0.7645
2024-07-26,USD,1.0
2024-07-26,CAD,1.2518
2024-07-26,AUD,1.2639
2024-07-26,EUR,0.8588
2024-07-26,GBP,0.7667
2024-07-27,USD,1.0
2024-07-27,CAD,1.2488
2024-07-27,AUD,1.25
2024-07-27,EUR,0.8551
2024-07-27,GBP,0.7609
2024-07-28,USD,1.0
2024-07-28,CAD,1.2543
2024-07-28,AUD,1.256
2024-07-28,EUR,0.8526
2024-07-28,GBP,0.7636
2024-07-29,USD,1.0
2024-07-29,CAD,1.2543
2024-07-29,AUD,1.256
2024-07-29,EUR,0.8526
2024-07-29,GBP,0.7636
2024-07-30,USD,1.0
2024-07-30,CAD,1.2543
2024-07-30,AUD,1.256
2024-07-30,EUR,0.8526
2024-07-30,GBP,0.7636
2024-07-31,USD,1.0
2024-07-31,CAD,1.2471
2024-07-31,AUD,1.2546
2024-07-31,EUR,0.8527
2024-07-31,GBP,0.7625
2024-08-01,USD,1.0
2024-08-01,CAD,1.2476
2024-08-01,AUD,1.2541
2024-08-01,EUR,0.8466
2024-08-01,GBP,0.7572
2024-08-02,USD,1.0
2024-08-02,CAD,1.2546
2024-08-02,AUD,1.2551
2024-08-02,EUR,0.8454
2024-08-02,GBP,0.756
2024-08-03,USD,1.0
2024-08-03,CAD,1.2606
2024-08-03,AUD,1.2599
2024-08-03,EUR,0.8432
2024-08-03,GBP,0.7615
2024-08-04,USD,1.0
2024-08-04,CAD,1.2572
2024-08-04,AUD,1.2545
2024-08-04,EUR,0.8426
2024-08-04,GBP,0.7607
2024-08-05,USD,1.0
2024-08-05,CAD,1.2572
2024-08-05,AUD,1.2545
2024-08-05,EUR,0.8426
2024-08-05,GBP,0.7607
2024-08-06,USD,1.0
2024-08-06,CAD,1.2572
2024-08-06,AUD,1.2545
2024-08-06,EUR,0.8426
2024-08-06,GBP,0.7607
2024-08-07,USD,1.0
2024-08-07,CAD,1.268
2024-08-07,AUD,1.2638
2024-08-07,EUR,0.8477
2024-08-07,GBP,0.7666
2024-08-08,USD,1.0
2024-08-08,CAD,1.2662
2024-08-08,AUD,1.2597
2024-08-08,EUR,0.8465
2024-08-08,GBP,0.7675
2024-08-09,USD,1.0
2024-08-09,CAD,1.268
2024-08-09,AUD,1.2683
2024-08-09,EUR,0.8524
2024-08-09,GBP,0.7701
2024-08-10,USD,1.0
2024-08-10,CAD,1.272
2024-08-10,AUD,1.269
2024-08-10,EUR,0.8524
2024-08-10,GBP,0.7697
2024-08-11,USD,1.0
2024-08-11,CAD,1.2712
2024-08-11,AUD,1.2717
2024-08-11,EUR,0.85
2024-08-11,GBP,0.7705
2024-08-12,USD,1.0
2024-08-12,CAD,1.2712
2024-08-12,AUD,1.2717
2024-08-12,EUR,0.85
2024-08-12,GBP,0.7705
2024-08-13,USD,1.0
2024-08-13,CAD,1.2712
2024-08-13,AUD,1.2717
2024-08-13,EUR,0.85
2024-08-13,GBP,0.7705
2024-08-14,USD,1.0
2024-08-14,CAD,1.2694
2024-08-14,AUD,1.2703
2024-08-14,EUR,0.8477
2024-08-14,GBP,0.7708
2024-08-15,USD,1.0
2024-08-15,CAD,1.2738
2024-08-15,AUD,1.2755
2024-08-15,EUR,0.8515
2024-08-15,GBP,0.7761
2024-08-16,USD,1.0
2024-08-16,CAD,1.2731
2024-08-16,AUD,1.2727
2024-08-16,EUR,0.854
2024-08-16,GBP,0.7771
2024-08-17,USD,1.0
2024-08-17,CAD,1.2625
2024-08-17,AUD,1.2615
2024-08-17,EUR,0.8549
2024-08-17,GBP,0.7771
2024-08-18,USD,1.0
2024-08-18,CAD,1.2657
2024-08-18,AUD,1.2632
2024-08-18,EUR,0.8518
2024-08-18,GBP,0.7767
2024-08-19,USD,1.0
2024-08-19,CAD,1.2657
2024-08-19,AUD,1.2632
2024-08-19,EUR,0.8518
2024-08-19,GBP,0.7767
2024-08-20,USD,1.0
2024-08-20,CAD,1.2657
2024-08-20,AUD,1.2632
2024-08-20,EUR,0.8518
2024-08-20,GBP,0.7767
2024-08-21,USD,1.0
2024-08-21,CAD,1.2597
2024-08-21,AUD,1.261
2024-08-21,EUR,0.8503
2024-08-21,GBP,0.7764
2024-08-22,USD,1.0
2024-08-22,CAD,1.2578
2024-08-22,AUD,1.2647
2024-08-22,EUR,0.8495
2024-08-22,GBP,0.7791
2024-08-23,USD,1.0
2024-08-23,CAD,1.2584
2024-08-23,AUD,1.2659
2024-08-23,EUR,0.8475
2024-08-23,GBP,0.7809
2024-08-24,USD,1.0
2024-08-24,CAD,1.2522
2024-08-24,AUD,1.2664
2024-08-24,EUR,0.847
2024-08-24,GBP,0.7793
2024-08-25,USD,1.0
2024-08-25,CAD,1.2508
2024-08-25,AUD,1.2635
2024-08-25,EUR,0.8469
2024-08-25,GBP,0.7798
2024-08-26,USD,1.0
2024-08-26,CAD,1.2508
2024-08-26,AUD,1.2635
2024-08-26,EUR,0.8469
2024-08-26,GBP,0.7798
2024-08-27,USD,1.0
2024-08-27,CAD,1.2508
2024-08-27,AUD,1.2635
2024-08-27,EUR,0.8469
2024-08-27,GBP,0.7798
2024-08-28,USD,1.0
2024-08-28,CAD,1.2466
2024-08-28,AUD,1.2585
2024-08-28,EUR,0.8386
2024-08-28,GBP,0.7742
2024-08-29,USD,1.0
2024-08-29,CAD,1.2481
2024-08-29,AUD,1.2542
2024-08-29,EUR,0.83
2024-08-29,GBP,0.7716
2024-08-30,USD,1.0
2024-08-30,CAD,1.2555
2024-08-30,AUD,1.2602
2024-08-30,EUR,0.8392
2024-08-30,GBP,0.7741
2024-08-31,USD,1.0
2024-08-31,CAD,1.266
2024-08-31,AUD,1.2699
2024-08-31,EUR,0.8457
2024-08-31,GBP,0.7778
2024-09-01,USD,1.0
2024-09-01,CAD,1.2441
2024-09-01,AUD,1.2602
2024-09-01,EUR,0.8389
2024-09-01,GBP,0.7724
2024-09-02,USD,1.0
2024-09-02,CAD,1.2441
2024-09-02,AUD,1.2602
2024-09-02,EUR,0.8389
2024-09-02,GBP,0.7724
2024-09-03,USD,1.0
2024-09-03,CAD,1.2441
2024-09-03,AUD,1.2602
2024-09-03,EUR,0.8389
2024-09-03,GBP,0.7724
2024-09-04,USD,1.0
2024-09-04,CAD,1.241
2024-09-04,AUD,1.2566
2024-09-04,EUR,0.84
2024-09-04,GBP,0.7716
2024-09-05,USD,1.0
2024-09-05,CAD,1.239
2024-09-05,AUD,1.2533
2024-09-05,EUR,0.841
2024-09-05,GBP,0.7716
2024-09-06,USD,1.0
2024-09-06,CAD,1.2394
2024-09-06,AUD,1.254
2024-09-06,EUR,0.8382
2024-09-06,GBP,0.7663
2024-09-07,USD,1.0
2024-09-07,CAD,1.2185
2024-09-07,AUD,1.2468
2024-09-07,EUR,0.8354
2024-09-07,GBP,0.7635
2024-09-08,USD,1.0
2024-09-08,CAD,1.2087
2024-09-08,AUD,1.2339
2024-09-08,EUR,0.8292
2024-09-08,GBP,0.7568
2024-09-09,USD,1.0
2024-09-09,CAD,1.2087
2024-09-09,AUD,1.2339
2024-09-09,EUR,0.8292
2024-09-09,GBP,0.7568
2024-09-10,USD,1.0
2024-09-10,CAD,1.2087
2024-09-10,AUD,1.2339
2024-09-10,EUR,0.8292
2024-09-10,GBP,0.7568
2024-09-11,USD,1.0
2024-09-11,CAD,1.2121
2024-09-11,AUD,1.2432
2024-09-11,EUR,0.8335
2024-09-11,GBP,0.7566
2024-09-12,USD,1.0
2024-09-12,CAD,1.2132
2024-09-12,AUD,1.2442
2024-09-12,EUR,0.838
2024-09-12,GBP,0.7532
2024-09-13,USD,1.0
2024-09-13,CAD,1.214
2024-09-13,AUD,1.2446
2024-09-13,EUR,0.8348
2024-09-13,GBP,0.7533
2024-09-14,USD,1.0
2024-09-14,CAD,1.2201
2024-09-14,AUD,1.2517
2024-09-14,EUR,0.8414
2024-09-14,GBP,0.7499
2024-09-15,USD,1.0
2024-09-15,CAD,1.2137
2024-09-15,AUD,1.2464
2024-09-15,EUR,0.8359
2024-09-15,GBP,0.736
2024-09-16,USD,1.0
2024-09-16,CAD,1.2137
2024-09-16,AUD,1.2464
2024-09-16,EUR,0.8359
2024-09-16,GBP,0.736
2024-09-17,USD,1.0
2024-09-17,CAD,1.2137
2024-09-17,AUD,1.2464
2024-09-17,EUR,0.8359
2024-09-17,GBP,0.736
2024-09-18,USD,1.0
2024-09-18,CAD,1.2204
2024-09-18,AUD,1.251
2024-09-18,EUR,0.837
2024-09-18,GBP,0.7386
2024-09-19,USD,1.0
2024-09-19,CAD,1.229
2024-09-19,AUD,1.2503
2024-09-19,EUR,0.8353
2024-09-19,GBP,0.7402
2024-09-20,USD,1.0
2024-09-20,CAD,1.2244
2024-09-20,AUD,1.2402
2024-09-20,EUR,0.8328
2024-09-20,GBP,0.7386
2024-09-21,USD,1.0
2024-09-21,CAD,1.2358
2024-09-21,AUD,1.2601
2024-09-21,EUR,0.84
2024-09-21,GBP,0.7412
2024-09-22,USD,1.0
2024-09-22,CAD,1.2269
2024-09-22,AUD,1.255
2024-09-22,EUR,0.8361
2024-09-22,GBP,0.737
2024-09-23,USD,1.0
2024-09-23,CAD,1.2269
2024-09-23,AUD,1.255
2024-09-23,EUR,0.8361
2024-09-23,GBP,0.737
2024-09-24,USD,1.0
2024-09-24,CAD,1.2269
2024-09-24,AUD,1.255
2024-09-24,EUR,0.8361
2024-09-24,GBP,0.737
2024-09-25,USD,1.0
2024-09-25,CAD,1.2328
2024-09-25,AUD,1.257
2024-09-25,EUR,0.8427
2024-09-25,GBP,0.741
2024-09-26,USD,1.0
2024-09-26,CAD,1.2391
2024-09-26,AUD,1.2678
2024-09-26,EUR,0.8484
2024-09-26,GBP,0.7447
2024-09-27,USD,1.0
2024-09-27,CAD,1.2396
2024-09-27,AUD,1.2737
2024-09-27,EUR,0.8517
2024-09-27,GBP,0.7458
2024-09-28,USD,1.0
2024-09-28,CAD,1.2467
2024-09-28,AUD,1.2781
2024-09-28,EUR,0.849
2024-09-28,GBP,0.7441
2024-09-29,USD,1.0
2024-09-29,CAD,1.244
2024-09-29,AUD,1.2769
2024-09-29,EUR,0.847
2024-09-29,GBP,0.7469
2024-09-30,USD,1.0
2024-09-30,CAD,1.244
2024-09-30,AUD,1.2769
2024-09-30,EUR,0.847
2024-09-30,GBP,0.7469
2024-10-01,USD,1.0
2024-10-01,CAD,1.244
2024-10-01,AUD,1.2769
2024-10-01,EUR,0.847
2024-10-01,GBP,0.7469
2024-10-02,USD,1.0
2024-10-02,CAD,1.2511
2024-10-02,AUD,1.2803
2024-10-02,EUR,0.8515
2024-10-02,GBP,0.7529
2024-10-03,USD,1.0
2024-10-03,CAD,1.2501
2024-10-03,AUD,1.2796
2024-10-03,EUR,0.8508
2024-10-03,GBP,0.7555
2024-10-04,USD,1.0
2024-10-04,CAD,1.2453
2024-10-04,AUD,1.2714
2024-10-04,EUR,0.8484
2024-10-04,GBP,0.7531
2024-10-05,USD,1.0
2024-10-05,CAD,1.2481
2024-10-05,AUD,1.2787
2024-10-05,EUR,0.8516
2024-10-05,GBP,0.7593
2024-10-06,USD,1.0
2024-10-06,CAD,1.2575
2024-10-06,AUD,1.2864
2024-10-06,EUR,0.8542
2024-10-06,GBP,0.7648
2024-10-07,USD,1.0
2024-10-07,CAD,1.2575
2024-10-07,AUD,1.2864
2024-10-07,EUR,0.8542
2024-10-07,GBP,0.7648
2024-10-08,USD,1.0
2024-10-08,CAD,1.2575
2024-10-08,AUD,1.2864
2024-10-08,EUR,0.8542
2024-10-08,GBP,0.7648
2024-10-09,USD,1.0
2024-10-09,CAD,1.2541
2024-10-09,AUD,1.2891
2024-10-09,EUR,0.8514
2024-10-09,GBP,0.7594
2024-10-10,USD,1.0
2024-10-10,CAD,1.2499
2024-10-10,AUD,1.2846
2024-10-10,EUR,0.8477
2024-10-10,GBP,0.7579
2024-10-11,USD,1.0
2024-10-11,CAD,1.2509
2024-10-11,AUD,1.2837
2024-10-11,EUR,0.8453
2024-10-11,GBP,0.7583
2024-10-12,USD,1.0
2024-10-12,CAD,1.247
2024-10-12,AUD,1.2799
2024-10-12,EUR,0.8435
2024-10-12,GBP,0.7611
2024-10-13,USD,1.0
2024-10-13,CAD,1.2499
2024-10-13,AUD,1.2769
2024-10-13,EUR,0.8467
2024-10-13,GBP,0.7534
2024-10-14,USD,1.0
2024-10-14,CAD,1.2499
2024-10-14,AUD,1.2769
2024-10-14,EUR,0.8467
2024-10-14,GBP,0.7534
2024-10-15,USD,1.0
2024-10-15,CAD,1.2499
2024-10-15,AUD,1.2769
2024-10-15,EUR,0.8467
2024-10-15,GBP,0.7534
2024-10-16,USD,1.0
2024-10-16,CAD,1.2539
2024-10-16,AUD,1.2705
2024-10-16,EUR,0.8472
2024-10-16,GBP,0.752
2024-10-17,USD,1.0
2024-10-17,CAD,1.2536
2024-10-17,AUD,1.2751
2024-10-17,EUR,0.8504
2024-10-17,GBP,0.7581
2024-10-18,USD,1.0
2024-10-18,CAD,1.2529
2024-10-18,AUD,1.2775
2024-10-18,EUR,0.8511
2024-10-18,GBP,0.7599
2024-10-19,USD,1.0
2024-10-19,CAD,1.2458
2024-10-19,AUD,1.2703
2024-10-19,EUR,0.845
2024-10-19,GBP,0.759
2024-10-20,USD,1.0
2024-10-20,CAD,1.2494
2024-10-20,AUD,1.2739
2024-10-20,EUR,0.8462
2024-10-20,GBP,0.7584
2024-10-21,USD,1.0
2024-10-21,CAD,1.2494
2024-10-21,AUD,1.2739
2024-10-21,EUR,0.8462
2024-10-21,GBP,0.7584
2024-10-22,USD,1.0
2024-10-22,CAD,1.2494
2024-10-22,AUD,1.2739
2024-10-22,EUR,0.8462
2024-10-22,GBP,0.7584
2024-10-23,USD,1.0
2024-10-23,CAD,1.2636
2024-10-23,AUD,1.2792
2024-10-23,EUR,0.8518
2024-10-23,GBP,0.7589
2024-10-24,USD,1.0
2024-10-24,CAD,1.2648
2024-10-24,AUD,1.2853
2024-10-24,EUR,0.8503
2024-10-24,GBP,0.7593
2024-10-25,USD,1.0
2024-10-25,CAD,1.2697
2024-10-25,AUD,1.2967
2024-10-25,EUR,0.8485
2024-10-25,GBP,0.7542
2024-10-26,USD,1.0
2024-10-26,CAD,1.2798
2024-10-26,AUD,1.2974
2024-10-26,EUR,0.8508
2024-10-26,GBP,0.7573
2024-10-27,USD,1.0
2024-10-27,CAD,1.2892
2024-10-27,AUD,1.3094
2024-10-27,EUR,0.8617
2024-10-27,GBP,0.7637
2024-10-28,USD,1.0
2024-10-28,CAD,1.2892
2024-10-28,AUD,1.3094
2024-10-28,EUR,0.8617
2024-10-28,GBP,0.7637
2024-10-29,USD,1.0
2024-10-29,CAD,1.2892
2024-10-29,AUD,1.3094
2024-10-29,EUR,0.8617
2024-10-29,GBP,0.7637
2024-10-30,USD,1.0
2024-10-30,CAD,1.2847
2024-10-30,AUD,1.3045
2024-10-30,EUR,0.8612
2024-10-30,GBP,0.7577
2024-10-31,USD,1.0
2024-10-31,CAD,1.2892
2024-10-31,AUD,1.3069
2024-10-31,EUR,0.8593
2024-10-31,GBP,0.7549
2024-11-01,USD,1.0
2024-11-01,CAD,1.2906
2024-11-01,AUD,1.3035
2024-11-01,EUR,0.8612
2024-11-01,GBP,0.7525
2024-11-02,USD,1.0
2024-11-02,CAD,1.2847
2024-11-02,AUD,1.2982
2024-11-02,EUR,0.8587
2024-11-02,GBP,0.7616
2024-11-03,USD,1.0
2024-11-03,CAD,1.2722
2024-11-03,AUD,1.3026
2024-11-03,EUR,0.8579
2024-11-03,GBP,0.7628
2024-11-04,USD,1.0
2024-11-04,CAD,1.2722
2024-11-04,AUD,1.3026
2024-11-04,EUR,0.8579
2024-11-04,GBP,0.7628
2024-11-05,USD,1.0
2024-11-05,CAD,1.2722
2024-11-05,AUD,1.3026
2024-11-05,EUR,0.8579
2024-11-05,GBP,0.7628
2024-11-06,USD,1.0
2024-11-06,CAD,1.2758
2024-11-06,AUD,1.3046
2024-11-06,EUR,0.8628
2024-11-06,GBP,0.7626
2024-11-07,USD,1.0
2024-11-07,CAD,1.2767
2024-11-07,AUD,1.307
2024-11-07,EUR,0.8649
2024-11-07,GBP,0.7614
2024-11-08,USD,1.0
2024-11-08,CAD,1.2729
2024-11-08,AUD,1.3023
2024-11-08,EUR,0.8628
2024-11-08,GBP,0.7628
2024-11-09,USD,1.0
2024-11-09,CAD,1.2708
2024-11-09,AUD,1.3021
2024-11-09,EUR,0.8598
2024-11-09,GBP,0.7621
2024-11-10,USD,1.0
2024-11-10,CAD,1.267
2024-11-10,AUD,1.304
2024-11-10,EUR,0.8581
2024-11-10,GBP,0.7583
2024-11-11,USD,1.0
2024-11-11,CAD,1.267
2024-11-11,AUD,1.304
2024-11-11,EUR,0.8581
2024-11-11,GBP,0.7583
2024-11-12,USD,1.0
2024-11-12,CAD,1.267
2024-11-12,AUD,1.304
2024-11-12,EUR,0.8581
2024-11-12,GBP,0.7583
2024-11-13,USD,1.0
2024-11-13,CAD,1.2705
2024-11-13,AUD,1.3089
2024-11-13,EUR,0.8579
2024-11-13,GBP,0.7637
2024-11-14,USD,1.0
2024-11-14,CAD,1.2714
2024-11-14,AUD,1.3079
2024-11-14,EUR,0.8514
2024-11-14,GBP,0.7628
2024-11-15,USD,1.0
2024-11-15,CAD,1.2756
2024-11-15,AUD,1.316
2024-11-15,EUR,0.8446
2024-11-15,GBP,0.7594
2024-11-16,USD,1.0
2024-11-16,CAD,1.2764
2024-11-16,AUD,1.3174
2024-11-16,EUR,0.8495
2024-11-16,GBP,0.7577
2024-11-17,USD,1.0
2024-11-17,CAD,1.2762
2024-11-17,AUD,1.3253
2024-11-17,EUR,0.8478
2024-11-17,GBP,0.7578
2024-11-18,USD,1.0
2024-11-18,CAD,1.2762
2024-11-18,AUD,1.3253
2024-11-18,EUR,0.8478
2024-11-18,GBP,0.7578
2024-11-19,USD,1.0
2024-11-19,CAD,1.2762
2024-11-19,AUD,1.3253
2024-11-19,EUR,0.8478
2024-11-19,GBP,0.7578
2024-11-20,USD,1.0
2024-11-20,CAD,1.2788
2024-11-20,AUD,1.3235
2024-11-20,EUR,0.8488
2024-11-20,GBP,0.7549
2024-11-21,USD,1.0
2024-11-21,CAD,1.2806
2024-11-21,AUD,1.3198
2024-11-21,EUR,0.8534
2024-11-21,GBP,0.7552
2024-11-22,USD,1.0
2024-11-22,CAD,1.2741
2024-11-22,AUD,1.3195
2024-11-22,EUR,0.8511
2024-11-22,GBP,0.7559
2024-11-23,USD,1.0
2024-11-23,CAD,1.2681
2024-11-23,AUD,1.3109
2024-11-23,EUR,0.844
2024-11-23,GBP,0.7512
2024-11-24,USD,1.0
2024-11-24,CAD,1.2708
2024-11-24,AUD,1.3122
2024-11-24,EUR,0.842
2024-11-24,GBP,0.7504
2024-11-25,USD,1.0
2024-11-25,CAD,1.2708
2024-11-25,AUD,1.3122
2024-11-25,EUR,0.842
2024-11-25,GBP,0.7504
2024-11-26,USD,1.0
2024-11-26,CAD,1.2708
2024-11-26,AUD,1.3122
2024-11-26,EUR,0.842
2024-11-26,GBP,0.7504
2024-11-27,USD,1.0
2024-11-27,CAD,1.2681
2024-11-27,AUD,1.3099
2024-11-27,EUR,0.8367
2024-11-27,GBP,0.7478
2024-11-28,USD,1.0
2024-11-28,CAD,1.2793
2024-11-28,AUD,1.3138
2024-11-28,EUR,0.8412
2024-11-28,GBP,0.7532
2024-11-29,USD,1.0
2024-11-29,CAD,1.2832
2024-11-29,AUD,1.3213
2024-11-29,EUR,0.8455
2024-11-29,GBP,0.7465
2024-11-30,USD,1.0
2024-11-30,CAD,1.2885
2024-11-30,AUD,1.3215
2024-11-30,EUR,0.844
2024-11-30,GBP,0.7426
2024-12-01,USD,1.0
2024-12-01,CAD,1.2874
2024-12-01,AUD,1.3204
2024-12-01,EUR,0.8414
2024-12-01,GBP,0.7414
2024-12-02,USD,1.0
2024-12-02,CAD,1.2874
2024-12-02,AUD,1.3204
2024-12-02,EUR,0.8414
2024-12-02,GBP,0.7414
2024-12-03,USD,1.0
2024-12-03,CAD,1.2874
2024-12-03,AUD,1.3204
2024-12-03,EUR,0.8414
2024-12-03,GBP,0.7414
2024-12-04,USD,1.0
2024-12-04,CAD,1.2671
2024-12-04,AUD,1.3135
2024-12-04,EUR,0.8428
2024-12-04,GBP,0.7394
2024-12-05,USD,1.0
2024-12-05,CAD,1.2633
2024-12-05,AUD,1.3094
2024-12-05,EUR,0.8441
2024-12-05,GBP,0.7443
2024-12-06,USD,1.0
2024-12-06,CAD,1.2662
2024-12-06,AUD,1.3172
2024-12-06,EUR,0.8462
2024-12-06,GBP,0.7475
2024-12-07,USD,1.0
2024-12-07,CAD,1.2838
2024-12-07,AUD,1.3306
2024-12-07,EUR,0.8485
2024-12-07,GBP,0.7472
2024-12-08,USD,1.0
2024-12-08,CAD,1.2836
2024-12-08,AUD,1.3303
2024-12-08,EUR,0.8516
2024-12-08,GBP,0.7454
2024-12-09,USD,1.0
2024-12-09,CAD,1.2836
2024-12-09,AUD,1.3303
2024-12-09,EUR,0.8516
2024-12-09,GBP,0.7454
2024-12-10,USD,1.0
2024-12-10,CAD,1.2836
2024-12-10,AUD,1.3303
2024-12-10,EUR,0.8516
2024-12-10,GBP,0.7454
2024-12-11,USD,1.0
2024-12-11,CAD,1.2859
2024-12-11,AUD,1.3288
2024-12-11,EUR,0.8477
2024-12-11,GBP,0.7481
2024-12-12,USD,1.0
2024-12-12,CAD,1.2832
2024-12-12,AUD,1.3208
2024-12-12,EUR,0.8499
2024-12-12,GBP,0.7485
2024-12-13,USD,1.0
2024-12-13,CAD,1.286
2024-12-13,AUD,1.321
2024-12-13,EUR,0.8521
2024-12-13,GBP,0.749
2024-12-14,USD,1.0
2024-12-14,CAD,1.2829
2024-12-14,AUD,1.3045
2024-12-14,EUR,0.8442
2024-12-14,GBP,0.7443
2024-12-15,USD,1.0
2024-12-15,CAD,1.2765
2024-12-15,AUD,1.3029
2024-12-15,EUR,0.847
2024-12-15,GBP,0.7475
2024-12-16,USD,1.0
2024-12-16,CAD,1.2765
2024-12-16,AUD,1.3029
2024-12-16,EUR,0.847
2024-12-16,GBP,0.7475
2024-12-17,USD,1.0
2024-12-17,CAD,1.2765
2024-12-17,AUD,1.3029
2024-12-17,EUR,0.847
2024-12-17,GBP,0.7475
2024-12-18,USD,1.0
2024-12-18,CAD,1.2874
2024-12-18,AUD,1.305
2024-12-18,EUR,0.8478
2024-12-18,GBP,0.7478
2024-12-19,USD,1.0
2024-12-19,CAD,1.2862
2024-12-19,AUD,1.3031
2024-12-19,EUR,0.8458
2024-12-19,GBP,0.7485
2024-12-20,USD,1.0
2024-12-20,CAD,1.285
2024-12-20,AUD,1.3024
2024-12-20,EUR,0.8442
2024-12-20,GBP,0.7456
2024-12-21,USD,1.0
2024-12-21,CAD,1.2804
2024-12-21,AUD,1.3029
2024-12-21,EUR,0.8432
2024-12-21,GBP,0.7485
2024-12-22,USD,1.0
2024-12-22,CAD,1.2703
2024-12-22,AUD,1.2957
2024-12-22,EUR,0.8437
2024-12-22,GBP,0.7472
2024-12-23,USD,1.0
2024-12-23,CAD,1.2703
2024-12-23,AUD,1.2957
2024-12-23,EUR,0.8437
2024-12-23,GBP,0.7472
2024-12-24,USD,1.0
2024-12-24,CAD,1.2703
2024-12-24,AUD,1.2957
2024-12-24,EUR,0.8437
2024-12-24,GBP,0.7472
2024-12-25,USD,1.0
2024-12-25,CAD,1.2703
2024-12-25,AUD,1.2957
2024-12-25,EUR,0.8437
2024-12-25,GBP,0.7472
2024-12-26,USD,1.0
2024-12-26,CAD,1.2703
2024-12-26,AUD,1.2957
2024-12-26,EUR,0.8437
2024-12-26,GBP,0.7472
2024-12-27,USD,1.0
2024-12-27,CAD,1.2634
2024-12-27,AUD,1.2876
2024-12-27,EUR,0.8407
2024-12-27,GBP,0.7448
2024-12-28,USD,1.0
2024-12-28,CAD,1.261
2024-12-28,AUD,1.2846
2024-12-28,EUR,0.8379
2024-12-28,GBP,0.7438
2024-12-29,USD,1.0
2024-12-29,CAD,1.254
2024-12-29,AUD,1.2796
2024-12-29,EUR,0.8338
2024-12-29,GBP,0.7398
2024-12-30,USD,1.0
2024-12-30,CAD,1.254
2024-12-30,AUD,1.2796
2024-12-30,EUR,0.8338
2024-12-30,GBP,0.7398
2024-12-31,USD,1.0
2024-12-31,CAD,1.254
2024-12-31,AUD,1.2796
2024-12-31,EUR,0.8338
2024-12-31,GBP,0.7398
2025-01-01,USD,1.0
2025-01-01,CAD,1.254
2025-01-01,AUD,1.2796
2025-01-01,EUR,0.8338
2025-01-01,GBP,0.7398
2025-01-02,USD,1.0
2025-01-02,CAD,1.2539
2025-01-02,AUD,1.2775
2025-01-02,EUR,0.8288
2025-01-02,GBP,0.7373
2025-01-03,USD,1.0
2025-01-03,CAD,1.2515
2025-01-03,AUD,1.2758
2025-01-03,EUR,0.8317
2025-01-03,GBP,0.7373
2025-01-04,USD,1.0
2025-01-04,CAD,1.2527
2025-01-04,AUD,1.2763
2025-01-04,EUR,0.8288
2025-01-04,GBP,0.7385
2025-01-05,USD,1.0
2025-01-05,CAD,1.251
2025-01-05,AUD,1.2753
2025-01-05,EUR,0.8302
2025-01-05,GBP,0.7379
2025-01-06,USD,1.0
2025-01-06,CAD,1.251
2025-01-06,AUD,1.2753
2025-01-06,EUR,0.8302
2025-01-06,GBP,0.7379
2025-01-07,USD,1.0
2025-01-07,CAD,1.251
2025-01-07,AUD,1.2753
2025-01-07,EUR,0.8302
2025-01-07,GBP,0.7379
2025-01-08,USD,1.0
2025-01-08,CAD,1.2428
2025-01-08,AUD,1.277
2025-01-08,EUR,0.8352
2025-01-08,GBP,0.7384
2025-01-09,USD,1.0
2025-01-09,CAD,1.2425
2025-01-09,AUD,1.2774
2025-01-09,EUR,0.8381
2025-01-09,GBP,0.7398
2025-01-10,USD,1.0
2025-01-10,CAD,1.2451
2025-01-10,AUD,1.2749
2025-01-10,EUR,0.8339
2025-01-10,GBP,0.7394
2025-01-11,USD,1.0
2025-01-11,CAD,1.256
2025-01-11,AUD,1.2716
2025-01-11,EUR,0.8322
2025-01-11,GBP,0.7412
2025-01-12,USD,1.0
2025-01-12,CAD,1.2519
2025-01-12,AUD,1.2702
2025-01-12,EUR,0.8239
2025-01-12,GBP,0.7332
2025-01-13,USD,1.0
2025-01-13,CAD,1.2519
2025-01-13,AUD,1.2702
2025-01-13,EUR,0.8239
2025-01-13,GBP,0.7332
2025-01-14,USD,1.0
2025-01-14,CAD,1.2519
2025-01-14,AUD,1.2702
2025-01-14,EUR,0.8239
2025-01-14,GBP,0.7332
2025-01-15,USD,1.0
2025-01-15,CAD,1.2432
2025-01-15,AUD,1.2571
2025-01-15,EUR,0.8145
2025-01-15,GBP,0.7253
2025-01-16,USD,1.0
2025-01-16,CAD,1.2424
2025-01-16,AUD,1.2575
2025-01-16,EUR,0.8177
2025-01-16,GBP,0.7266
2025-01-17,USD,1.0
2025-01-17,CAD,1.2444
2025-01-17,AUD,1.2549
2025-01-17,EUR,0.8195
2025-01-17,GBP,0.7258
2025-01-18,USD,1.0
2025-01-18,CAD,1.2447
2025-01-18,AUD,1.2514
2025-01-18,EUR,0.8173
2025-01-18,GBP,0.7209
2025-01-19,USD,1.0
2025-01-19,CAD,1.2441
2025-01-19,AUD,1.2486
2025-01-19,EUR,0.816
2025-01-19,GBP,0.7211
2025-01-20,USD,1.0
2025-01-20,CAD,1.2441
2025-01-20,AUD,1.2486
2025-01-20,EUR,0.816
2025-01-20,GBP,0.7211
2025-01-21,USD,1.0
2025-01-21,CAD,1.2441
2025-01-21,AUD,1.2486
2025-01-21,EUR,0.816
2025-01-21,GBP,0.7211
2025-01-22,USD,1.0
2025-01-22,CAD,1.2477
2025-01-22,AUD,1.249
2025-01-22,EUR,0.8171
2025-01-22,GBP,0.7197
2025-01-23,USD,1.0
2025-01-23,CAD,1.2482
2025-01-23,AUD,1.2544
2025-01-23,EUR,0.8164
2025-01-23,GBP,0.717
2025-01-24,USD,1.0
2025-01-24,CAD,1.2329
2025-01-24,AUD,1.2395
2025-01-24,EUR,0.8096
2025-01-24,GBP,0.7058
2025-01-25,USD,1.0
2025-01-25,CAD,1.2323
2025-01-25,AUD,1.2378
2025-01-25,EUR,0.806
2025-01-25,GBP,0.7015
2025-01-26,USD,1.0
2025-01-26,CAD,1.2323
2025-01-26,AUD,1.2367
2025-01-26,EUR,0.8041
2025-01-26,GBP,0.7023
2025-01-27,USD,1.0
2025-01-27,CAD,1.2323
2025-01-27,AUD,1.2367
2025-01-27,EUR,0.8041
2025-01-27,GBP,0.7023
2025-01-28,USD,1.0
2025-01-28,CAD,1.2323
2025-01-28,AUD,1.2367
2025-01-28,EUR,0.8041
2025-01-28,GBP,0.7023
2025-01-29,USD,1.0
2025-01-29,CAD,1.2335
2025-01-29,AUD,1.2361
2025-01-29,EUR,0.8078
2025-01-29,GBP,0.7104
2025-01-30,USD,1.0
2025-01-30,CAD,1.2321
2025-01-30,AUD,1.2354
2025-01-30,EUR,0.8051
2025-01-30,GBP,0.7079
2025-01-31,USD,1.0
2025-01-31,CAD,1.2274
2025-01-31,AUD,1.2328
2025-01-31,EUR,0.8028
2025-01-31,GBP,0.7057
2025-02-01,USD,1.0
2025-02-01,CAD,1.2319
2025-02-01,AUD,1.2495
2025-02-01,EUR,0.8026
2025-02-01,GBP,0.7025
2025-02-02,USD,1.0
2025-02-02,CAD,1.2317
2025-02-02,AUD,1.2512
2025-02-02,EUR,0.8005
2025-02-02,GBP,0.7033
2025-02-03,USD,1.0
2025-02-03,CAD,1.2317
2025-02-03,AUD,1.2512
2025-02-03,EUR,0.8005
2025-02-03,GBP,0.7033
2025-02-04,USD,1.0
2025-02-04,CAD,1.2317
2025-02-04,AUD,1.2512
2025-02-04,EUR,0.8005
2025-02-04,GBP,0.7033
2025-02-05,USD,1.0
2025-02-05,CAD,1.2434
2025-02-05,AUD,1.2592
2025-02-05,EUR,0.8039
2025-02-05,GBP,0.712
2025-02-06,USD,1.0
2025-02-06,CAD,1.2562
2025-02-06,AUD,1.2757
2025-02-06,EUR,0.8111
2025-02-06,GBP,0.7209
2025-02-07,USD,1.0
2025-02-07,CAD,1.2518
2025-02-07,AUD,1.2712
2025-02-07,EUR,0.8105
2025-02-07,GBP,0.7187
2025-02-08,USD,1.0
2025-02-08,CAD,1.2571
2025-02-08,AUD,1.2809
2025-02-08,EUR,0.8162
2025-02-08,GBP,0.7143
2025-02-09,USD,1.0
2025-02-09,CAD,1.2609
2025-02-09,AUD,1.2809
2025-02-09,EUR,0.8148
2025-02-09,GBP,0.7231
2025-02-10,USD,1.0
2025-02-10,CAD,1.2609
2025-02-10,AUD,1.2809
2025-02-10,EUR,0.8148
2025-02-10,GBP,0.7231
2025-02-11,USD,1.0
2025-02-11,CAD,1.2609
2025-02-11,AUD,1.2809
2025-02-11,EUR,0.8148
2025-02-11,GBP,0.7231
2025-02-12,USD,1.0
2025-02-12,CAD,1.258
2025-02-12,AUD,1.2758
2025-02-12,EUR,0.8155
2025-02-12,GBP,0.7225
2025-02-13,USD,1.0
2025-02-13,CAD,1.2604
2025-02-13,AUD,1.2742
2025-02-13,EUR,0.8108
2025-02-13,GBP,0.7211
2025-02-14,USD,1.0
2025-02-14,CAD,1.2575
2025-02-14,AUD,1.272
2025-02-14,EUR,0.8098
2025-02-14,GBP,0.7211
2025-02-15,USD,1.0
2025-02-15,CAD,1.249
2025-02-15,AUD,1.2613
2025-02-15,EUR,0.8004
2025-02-15,GBP,0.7097
2025-02-16,USD,1.0
2025-02-16,CAD,1.2506
2025-02-16,AUD,1.2592
2025-02-16,EUR,0.8023
2025-02-16,GBP,0.7125
2025-02-17,USD,1.0
2025-02-17,CAD,1.2506
2025-02-17,AUD,1.2592
2025-02-17,EUR,0.8023
2025-02-17,GBP,0.7125
2025-02-18,USD,1.0
2025-02-18,CAD,1.2506
2025-02-18,AUD,1.2592
2025-02-18,EUR,0.8023
2025-02-18,GBP,0.7125
2025-02-19,USD,1.0
2025-02-19,CAD,1.2564
2025-02-19,AUD,1.2632
2025-02-19,EUR,0.8058
2025-02-19,GBP,0.7139
2025-02-20,USD,1.0
2025-02-20,CAD,1.2604
2025-02-20,AUD,1.2681
2025-02-20,EUR,0.8104
2025-02-20,GBP,0.7145
2025-02-21,USD,1.0
2025-02-21,CAD,1.2671
2025-02-21,AUD,1.2739
2025-02-21,EUR,0.8122
2025-02-21,GBP,0.7185
2025-02-22,USD,1.0
2025-02-22,CAD,1.2699
2025-02-22,AUD,1.2788
2025-02-22,EUR,0.8146
2025-02-22,GBP,0.7196
2025-02-23,USD,1.0
2025-02-23,CAD,1.2695
2025-02-23,AUD,1.2782
2025-02-23,EUR,0.8131
2025-02-23,GBP,0.715
2025-02-24,USD,1.0
2025-02-24,CAD,1.2695
2025-02-24,AUD,1.2782
2025-02-24,EUR,0.8131
2025-02-24,GBP,0.715
2025-02-25,USD,1.0
2025-02-25,CAD,1.2695
2025-02-25,AUD,1.2782
2025-02-25,EUR,0.8131
2025-02-25,GBP,0.715
2025-02-26,USD,1.0
2025-02-26,CAD,1.2676
2025-02-26,AUD,1.2752
2025-02-26,EUR,0.8117
2025-02-26,GBP,0.7128
2025-02-27,USD,1.0
2025-02-27,CAD,1.272
2025-02-27,AUD,1.2762
2025-02-27,EUR,0.8129
2025-02-27,GBP,0.7186
2025-02-28,USD,1.0
2025-02-28,CAD,1.2779
2025-02-28,AUD,1.2803
2025-02-28,EUR,0.8187
2025-02-28,GBP,0.7239
2025-03-01,USD,1.0
2025-03-01,CAD,1.2862
2025-03-01,AUD,1.2937
2025-03-01,EUR,0.8216
2025-03-01,GBP,0.7273
2025-03-02,USD,1.0
2025-03-02,CAD,1.288
2025-03-02,AUD,1.2902
2025-03-02,EUR,0.8122
2025-03-02,GBP,0.7255
2025-03-03,USD,1.0
2025-03-03,CAD,1.288
2025-03-03,AUD,1.2902
2025-03-03,EUR,0.8122
2025-03-03,GBP,0.7255
2025-03-04,USD,1.0
2025-03-04,CAD,1.288
2025-03-04,AUD,1.2902
2025-03-04,EUR,0.8122
2025-03-04,GBP,0.7255
2025-03-05,USD,1.0
2025-03-05,CAD,1.2931
2025-03-05,AUD,1.2909
2025-03-05,EUR,0.8125
2025-03-05,GBP,0.7237
2025-03-06,USD,1.0
2025-03-06,CAD,1.2886
2025-03-06,AUD,1.2763
2025-03-06,EUR,0.8057
2025-03-06,GBP,0.7184
2025-03-07,USD,1.0
2025-03-07,CAD,1.2931
2025-03-07,AUD,1.2812
2025-03-07,EUR,0.8053
2025-03-07,GBP,0.7209
2025-03-08,USD,1.0
2025-03-08,CAD,1.2917
2025-03-08,AUD,1.2811
2025-03-08,EUR,0.8051
2025-03-08,GBP,0.7203
2025-03-09,USD,1.0
2025-03-09,CAD,1.2894
2025-03-09,AUD,1.2832
2025-03-09,EUR,0.8136
2025-03-09,GBP,0.7232
2025-03-10,USD,1.0
2025-03-10,CAD,1.2894
2025-03-10,AUD,1.2832
2025-03-10,EUR,0.8136
2025-03-10,GBP,0.7232
2025-03-11,USD,1.0
2025-03-11,CAD,1.2894
2025-03-11,AUD,1.2832
2025-03-11,EUR,0.8136
2025-03-11,GBP,0.7232
2025-03-12,USD,1.0
2025-03-12,CAD,1.2829
2025-03-12,AUD,1.2714
2025-03-12,EUR,0.8129
2025-03-12,GBP,0.7201
2025-03-13,USD,1.0
2025-03-13,CAD,1.2837
2025-03-13,AUD,1.267
2025-03-13,EUR,0.8079
2025-03-13,GBP,0.7162
2025-03-14,USD,1.0
2025-03-14,CAD,1.293
2025-03-14,AUD,1.2648
2025-03-14,EUR,0.8085
2025-03-14,GBP,0.7165
2025-03-15,USD,1.0
2025-03-15,CAD,1.2985
2025-03-15,AUD,1.275
2025-03-15,EUR,0.8103
2025-03-15,GBP,0.717
2025-03-16,USD,1.0
2025-03-16,CAD,1.3078
2025-03-16,AUD,1.2893
2025-03-16,EUR,0.8129
2025-03-16,GBP,0.7174
2025-03-17,USD,1.0
2025-03-17,CAD,1.3078
2025-03-17,AUD,1.2893
2025-03-17,EUR,0.8129
2025-03-17,GBP,0.7174
2025-03-18,USD,1.0
2025-03-18,CAD,1.3078
2025-03-18,AUD,1.2893
2025-03-18,EUR,0.8129
2025-03-18,GBP,0.7174
2025-03-19,USD,1.0
2025-03-19,CAD,1.3084
2025-03-19,AUD,1.2994
2025-03-19,EUR,0.8124
2025-03-19,GBP,0.7116
2025-03-20,USD,1.0
2025-03-20,CAD,1.3066
2025-03-20,AUD,1.298
2025-03-20,EUR,0.8146
2025-03-20,GBP,0.7145
2025-03-21,USD,1.0
2025-03-21,CAD,1.298
2025-03-21,AUD,1.3018
2025-03-21,EUR,0.8139
2025-03-21,GBP,0.7114
2025-03-22,USD,1.0
2025-03-22,CAD,1.2901
2025-03-22,AUD,1.297
2025-03-22,EUR,0.812
2025-03-22,GBP,0.708
2025-03-23,USD,1.0
2025-03-23,CAD,1.2853
2025-03-23,AUD,1.2942
2025-03-23,EUR,0.81
2025-03-23,GBP,0.707
2025-03-24,USD,1.0
2025-03-24,CAD,1.2853
2025-03-24,AUD,1.2942
2025-03-24,EUR,0.81
2025-03-24,GBP,0.707
2025-03-25,USD,1.0
2025-03-25,CAD,1.2853
2025-03-25,AUD,1.2942
2025-03-25,EUR,0.81
2025-03-25,GBP,0.707
2025-03-26,USD,1.0
2025-03-26,CAD,1.2889
2025-03-26,AUD,1.293
2025-03-26,EUR,0.8057
2025-03-26,GBP,0.703
2025-03-27,USD,1.0
2025-03-27,CAD,1.2887
2025-03-27,AUD,1.2985
2025-03-27,EUR,0.808
2025-03-27,GBP,0.7106
2025-03-28,USD,1.0
2025-03-28,CAD,1.2884
2025-03-28,AUD,1.3012
2025-03-28,EUR,0.8066
2025-03-28,GBP,0.7066
2025-03-29,USD,1.0
2025-03-29,CAD,1.2901
2025-03-29,AUD,1.3015
2025-03-29,EUR,0.8116
2025-03-29,GBP,0.7101
2025-03-30,USD,1.0
2025-03-30,CAD,1.2901
2025-03-30,AUD,1.3015
2025-03-30,EUR,0.8116
2025-03-30,GBP,0.7101
2025-03-31,USD,1.0
2025-03-31,CAD,1.2901
2025-03-31,AUD,1.3015
2025-03-31,EUR,0.8116
2025-03-31,GBP,0.7101
2025-04-01,USD,1.0
2025-04-01,CAD,1.2901
2025-04-01,AUD,1.3015
2025-04-01,EUR,0.8116
2025-04-01,GBP,0.7101
2025-04-02,USD,1.0
2025-04-02,CAD,1.2901
2025-04-02,AUD,1.3015
2025-04-02,EUR,0.8116
2025-04-02,GBP,0.7101
2025-04-03,USD,1.0
2025-04-03,CAD,1.2852
2025-04-03,AUD,1.2995
2025-04-03,EUR,0.8125
2025-04-03,GBP,0.7111
2025-04-04,USD,1.0
2025-04-04,CAD,1.2835
2025-04-04,AUD,1.3016
2025-04-04,EUR,0.8146
2025-04-04,GBP,0.7134
2025-04-05,USD,1.0
2025-04-05,CAD,1.2772
2025-04-05,AUD,1.3002
2025-04-05,EUR,0.8157
2025-04-05,GBP,0.7128
2025-04-06,USD,1.0
2025-04-06,CAD,1.2792
2025-04-06,AUD,1.3024
2025-04-06,EUR,0.8174
2025-04-06,GBP,0.7135
2025-04-07,USD,1.0
2025-04-07,CAD,1.2792
2025-04-07,AUD,1.3024
2025-04-07,EUR,0.8174
2025-04-07,GBP,0.7135
2025-04-08,USD,1.0
2025-04-08,CAD,1.2792
2025-04-08,AUD,1.3024
2025-04-08,EUR,0.8174
2025-04-08,GBP,0.7135
2025-04-09,USD,1.0
2025-04-09,CAD,1.2781
2025-04-09,AUD,1.3045
2025-04-09,EUR,0.8127
2025-04-09,GBP,0.7078
2025-04-10,USD,1.0
2025-04-10,CAD,1.2657
2025-04-10,AUD,1.2925
2025-04-10,EUR,0.809
2025-04-10,GBP,0.7053
2025-04-11,USD,1.0
2025-04-11,CAD,1.2617
2025-04-11,AUD,1.2904
2025-04-11,EUR,0.8075
2025-04-11,GBP,0.7054
2025-04-12,USD,1.0
2025-04-12,CAD,1.2592
2025-04-12,AUD,1.2897
2025-04-12,EUR,0.8115
2025-04-12,GBP,0.7039
2025-04-13,USD,1.0
2025-04-13,CAD,1.257
2025-04-13,AUD,1.2829
2025-04-13,EUR,0.8119
2025-04-13,GBP,0.7015
2025-04-14,USD,1.0
2025-04-14,CAD,1.257
2025-04-14,AUD,1.2829
2025-04-14,EUR,0.8119
2025-04-14,GBP,0.7015
2025-04-15,USD,1.0
2025-04-15,CAD,1.257
2025-04-15,AUD,1.2829
2025-04-15,EUR,0.8119
2025-04-15,GBP,0.7015
2025-04-16,USD,1.0
2025-04-16,CAD,1.2608
2025-04-16,AUD,1.2876
2025-04-16,EUR,0.8084
2025-04-16,GBP,0.699
2025-04-17,USD,1.0
2025-04-17,CAD,1.2552
2025-04-17,AUD,1.2875
2025-04-17,EUR,0.8093
2025-04-17,GBP,0.6982
2025-04-18,USD,1.0
2025-04-18,CAD,1.257
2025-04-18,AUD,1.2878
2025-04-18,EUR,0.8072
2025-04-18,GBP,0.7031
2025-04-19,USD,1.0
2025-04-19,CAD,1.2604
2025-04-19,AUD,1.2835
2025-04-19,EUR,0.8076
2025-04-19,GBP,0.7024
2025-04-20,USD,1.0
2025-04-20,CAD,1.2639
2025-04-20,AUD,1.2985
2025-04-20,EUR,0.8124
2025-04-20,GBP,0.7117
2025-04-21,USD,1.0
2025-04-21,CAD,1.2639
2025-04-21,AUD,1.2985
2025-04-21,EUR,0.8124
2025-04-21,GBP,0.7117
2025-04-22,USD,1.0
2025-04-22,CAD,1.2639
2025-04-22,AUD,1.2985
2025-04-22,EUR,0.8124
2025-04-22,GBP,0.7117
2025-04-23,USD,1.0
2025-04-23,CAD,1.2787
2025-04-23,AUD,1.3082
2025-04-23,EUR,0.8171
2025-04-23,GBP,0.7161
2025-04-24,USD,1.0
2025-04-24,CAD,1.2824
2025-04-24,AUD,1.3132
2025-04-24,EUR,0.8188
2025-04-24,GBP,0.7162
2025-04-25,USD,1.0
2025-04-25,CAD,1.2888
2025-04-25,AUD,1.3228
2025-04-25,EUR,0.8207
2025-04-25,GBP,0.7171
2025-04-26,USD,1.0
2025-04-26,CAD,1.2835
2025-04-26,AUD,1.3207
2025-04-26,EUR,0.8218
2025-04-26,GBP,0.7158
2025-04-27,USD,1.0
2025-04-27,CAD,1.2882
2025-04-27,AUD,1.3235
2025-04-27,EUR,0.8285
2025-04-27,GBP,0.7266
2025-04-28,USD,1.0
2025-04-28,CAD,1.2882
2025-04-28,AUD,1.3235
2025-04-28,EUR,0.8285
2025-04-28,GBP,0.7266
2025-04-29,USD,1.0
2025-04-29,CAD,1.2882
2025-04-29,AUD,1.3235
2025-04-29,EUR,0.8285
2025-04-29,GBP,0.7266
2025-04-30,USD,1.0
2025-04-30,CAD,1.2867
2025-04-30,AUD,1.3257
2025-04-30,EUR,0.8279
2025-04-30,GBP,0.7282
2025-05-01,USD,1.0
2025-05-01,CAD,1.2867
2025-05-01,AUD,1.3257
2025-05-01,EUR,0.8279
2025-05-01,GBP,0.7282
2025-05-02,USD,1.0
2025-05-02,CAD,1.2827
2025-05-02,AUD,1.3315
2025-05-02,EUR,0.8328
2025-05-02,GBP,0.7332
2025-05-03,USD,1.0
2025-05-03,CAD,1.2845
2025-05-03,AUD,1.3281
2025-05-03,EUR,0.8339
2025-05-03,GBP,0.7353
2025-05-04,USD,1.0
2025-05-04,CAD,1.2875
2025-05-04,AUD,1.3297
2025-05-04,EUR,0.8355
2025-05-04,GBP,0.7372
2025-05-05,USD,1.0
2025-05-05,CAD,1.2875
2025-05-05,AUD,1.3297
2025-05-05,EUR,0.8355
2025-05-05,GBP,0.7372
2025-05-06,USD,1.0
2025-05-06,CAD,1.2875
2025-05-06,AUD,1.3297
2025-05-06,EUR,0.8355
2025-05-06,GBP,0.7372
2025-05-07,USD,1.0
2025-05-07,CAD,1.2887
2025-05-07,AUD,1.3344
2025-05-07,EUR,0.8402
2025-05-07,GBP,0.7395
2025-05-08,USD,1.0
2025-05-08,CAD,1.2972
2025-05-08,AUD,1.342
2025-05-08,EUR,0.8425
2025-05-08,GBP,0.7408
2025-05-09,USD,1.0
2025-05-09,CAD,1.2879
2025-05-09,AUD,1.3404
2025-05-09,EUR,0.8418
2025-05-09,GBP,0.7361
2025-05-10,USD,1.0
2025-05-10,CAD,1.2773
2025-05-10,AUD,1.3357
2025-05-10,EUR,0.8419
2025-05-10,GBP,0.7393
2025-05-11,USD,1.0
2025-05-11,CAD,1.2734
2025-05-11,AUD,1.324
2025-05-11,EUR,0.8379
2025-05-11,GBP,0.7374
2025-05-12,USD,1.0
2025-05-12,CAD,1.2734
2025-05-12,AUD,1.324
2025-05-12,EUR,0.8379
2025-05-12,GBP,0.7374
2025-05-13,USD,1.0
2025-05-13,CAD,1.2734
2025-05-13,AUD,1.324
2025-05-13,EUR,0.8379
2025-05-13,GBP,0.7374
2025-05-14,USD,1.0
2025-05-14,CAD,1.2764
2025-05-14,AUD,1.3231
2025-05-14,EUR,0.8342
2025-05-14,GBP,0.7361
2025-05-15,USD,1.0
2025-05-15,CAD,1.2836
2025-05-15,AUD,1.3344
2025-05-15,EUR,0.8415
2025-05-15,GBP,0.7397
2025-05-16,USD,1.0
2025-05-16,CAD,1.2866
2025-05-16,AUD,1.3358
2025-05-16,EUR,0.8486
2025-05-16,GBP,0.7418
2025-05-17,USD,1.0
2025-05-17,CAD,1.2772
2025-05-17,AUD,1.3283
2025-05-17,EUR,0.8471
2025-05-17,GBP,0.7399
2025-05-18,USD,1.0
2025-05-18,CAD,1.2795
2025-05-18,AUD,1.3304
2025-05-18,EUR,0.8488
2025-05-18,GBP,0.7412
2025-05-19,USD,1.0
2025-05-19,CAD,1.2795
2025-05-19,AUD,1.3304
2025-05-19,EUR,0.8488
2025-05-19,GBP,0.7412
2025-05-20,USD,1.0
2025-05-20,CAD,1.2795
2025-05-20,AUD,1.3304
2025-05-20,EUR,0.8488
2025-05-20,GBP,0.7412
2025-05-21,USD,1.0
2025-05-21,CAD,1.2874
2025-05-21,AUD,1.3283
2025-05-21,EUR,0.8504
2025-05-21,GBP,0.7453
2025-05-22,USD,1.0
2025-05-22,CAD,1.2774
2025-05-22,AUD,1.3179
2025-05-22,EUR,0.8479
2025-05-22,GBP,0.7435
2025-05-23,USD,1.0
2025-05-23,CAD,1.2905
2025-05-23,AUD,1.3276
2025-05-23,EUR,0.8541
2025-05-23,GBP,0.7512
2025-05-24,USD,1.0
2025-05-24,CAD,1.2885
2025-05-24,AUD,1.3232
2025-05-24,EUR,0.8527
2025-05-24,GBP,0.7459
2025-05-25,USD,1.0
2025-05-25,CAD,1.2956
2025-05-25,AUD,1.3211
2025-05-25,EUR,0.8565
2025-05-25,GBP,0.7498
2025-05-26,USD,1.0
2025-05-26,CAD,1.2956
2025-05-26,AUD,1.3211
2025-05-26,EUR,0.8565
2025-05-26,GBP,0.7498
2025-05-27,USD,1.0
2025-05-27,CAD,1.2956
2025-05-27,AUD,1.3211
2025-05-27,EUR,0.8565
2025-05-27,GBP,0.7498
2025-05-28,USD,1.0
2025-05-28,CAD,1.298
2025-05-28,AUD,1.3234
2025-05-28,EUR,0.8588
2025-05-28,GBP,0.7512
2025-05-29,USD,1.0
2025-05-29,CAD,1.3028
2025-05-29,AUD,1.3295
2025-05-29,EUR,0.8652
2025-05-29,GBP,0.754
2025-05-30,USD,1.0
2025-05-30,CAD,1.2975
2025-05-30,AUD,1.3247
2025-05-30,EUR,0.8597
2025-05-30,GBP,0.7522
2025-05-31,USD,1.0
2025-05-31,CAD,1.2854
2025-05-31,AUD,1.3175
2025-05-31,EUR,0.8548
2025-05-31,GBP,0.7495
2025-06-01,USD,1.0
2025-06-01,CAD,1.2976
2025-06-01,AUD,1.3278
2025-06-01,EUR,0.857
2025-06-01,GBP,0.7514
2025-06-02,USD,1.0
2025-06-02,CAD,1.2976
2025-06-02,AUD,1.3278
2025-06-02,EUR,0.857
2025-06-02,GBP,0.7514
2025-06-03,USD,1.0
2025-06-03,CAD,1.2976
2025-06-03,AUD,1.3278
2025-06-03,EUR,0.857
2025-06-03,GBP,0.7514
2025-06-04,USD,1.0
2025-06-04,CAD,1.2906
2025-06-04,AUD,1.3045
2025-06-04,EUR,0.852
2025-06-04,GBP,0.747
2025-06-05,USD,1.0
2025-06-05,CAD,1.2983
2025-06-05,AUD,1.3135
2025-06-05,EUR,0.8565
2025-06-05,GBP,0.7485
2025-06-06,USD,1.0
2025-06-06,CAD,1.2877
2025-06-06,AUD,1.306
2025-06-06,EUR,0.85
2025-06-06,GBP,0.7453
2025-06-07,USD,1.0
2025-06-07,CAD,1.2938
2025-06-07,AUD,1.3059
2025-06-07,EUR,0.8449
2025-06-07,GBP,0.7445
2025-06-08,USD,1.0
2025-06-08,CAD,1.2995
2025-06-08,AUD,1.3184
2025-06-08,EUR,0.8508
2025-06-08,GBP,0.7464
2025-06-09,USD,1.0
2025-06-09,CAD,1.2995
2025-06-09,AUD,1.3184
2025-06-09,EUR,0.8508
2025-06-09,GBP,0.7464
2025-06-10,USD,1.0
2025-06-10,CAD,1.2995
2025-06-10,AUD,1.3184
2025-06-10,EUR,0.8508
2025-06-10,GBP,0.7464
2025-06-11,USD,1.0
2025-06-11,CAD,1.3018
2025-06-11,AUD,1.3148
2025-06-11,EUR,0.8482
2025-06-11,GBP,0.7479
2025-06-12,USD,1.0
2025-06-12,CAD,1.3009
2025-06-12,AUD,1.3154
2025-06-12,EUR,0.8483
2025-06-12,GBP,0.748
2025-06-13,USD,1.0
2025-06-13,CAD,1.3017
2025-06-13,AUD,1.3181
2025-06-13,EUR,0.8501
2025-06-13,GBP,0.7498
2025-06-14,USD,1.0
2025-06-14,CAD,1.2977
2025-06-14,AUD,1.3226
2025-06-14,EUR,0.8525
2025-06-14,GBP,0.7475
2025-06-15,USD,1.0
2025-06-15,CAD,1.3128
2025-06-15,AUD,1.3382
2025-06-15,EUR,0.8624
2025-06-15,GBP,0.753
2025-06-16,USD,1.0
2025-06-16,CAD,1.3128
2025-06-16,AUD,1.3382
2025-06-16,EUR,0.8624
2025-06-16,GBP,0.753
2025-06-17,USD,1.0
2025-06-17,CAD,1.3128
2025-06-17,AUD,1.3382
2025-06-17,EUR,0.8624
2025-06-17,GBP,0.753
2025-06-18,USD,1.0
2025-06-18,CAD,1.3181
2025-06-18,AUD,1.3442
2025-06-18,EUR,0.8611
2025-06-18,GBP,0.7548
2025-06-19,USD,1.0
2025-06-19,CAD,1.3282
2025-06-19,AUD,1.3608
2025-06-19,EUR,0.867
2025-06-19,GBP,0.7603
2025-06-20,USD,1.0
2025-06-20,CAD,1.3299
2025-06-20,AUD,1.355
2025-06-20,EUR,0.8637
2025-06-20,GBP,0.759
2025-06-21,USD,1.0
2025-06-21,CAD,1.3331
2025-06-21,AUD,1.3576
2025-06-21,EUR,0.8667
2025-06-21,GBP,0.7572
2025-06-22,USD,1.0
2025-06-22,CAD,1.3272
2025-06-22,AUD,1.3462
2025-06-22,EUR,0.8585
2025-06-22,GBP,0.7526
2025-06-23,USD,1.0
2025-06-23,CAD,1.3272
2025-06-23,AUD,1.3462
2025-06-23,EUR,0.8585
2025-06-23,GBP,0.7526
2025-06-24,USD,1.0
2025-06-24,CAD,1.3272
2025-06-24,AUD,1.3462
2025-06-24,EUR,0.8585
2025-06-24,GBP,0.7526
2025-06-25,USD,1.0
2025-06-25,CAD,1.3284
2025-06-25,AUD,1.3455
2025-06-25,EUR,0.8547
2025-06-25,GBP,0.7525
2025-06-26,USD,1.0
2025-06-26,CAD,1.3322
2025-06-26,AUD,1.3518
2025-06-26,EUR,0.8568
2025-06-26,GBP,0.7553
2025-06-27,USD,1.0
2025-06-27,CAD,1.3295
2025-06-27,AUD,1.3537
2025-06-27,EUR,0.8609
2025-06-27,GBP,0.7591
2025-06-28,USD,1.0
2025-06-28,CAD,1.3294
2025-06-28,AUD,1.3622
2025-06-28,EUR,0.8633
2025-06-28,GBP,0.7642
2025-06-29,USD,1.0
2025-06-29,CAD,1.3246
2025-06-29,AUD,1.3542
2025-06-29,EUR,0.8578
2025-06-29,GBP,0.76
2025-06-30,USD,1.0
2025-06-30,CAD,1.3246
2025-06-30,AUD,1.3542
2025-06-30,EUR,0.8578
2025-06-30,GBP,0.76
2025-07-01,USD,1.0
2025-07-01,CAD,1.3246
2025-07-01,AUD,1.3542
2025-07-01,EUR,0.8578
2025-07-01,GBP,0.76
2025-07-02,USD,1.0
2025-07-02,CAD,1.3182
2025-07-02,AUD,1.3597
2025-07-02,EUR,0.8592
2025-07-02,GBP,0.7617
2025-07-03,USD,1.0
2025-07-03,CAD,1.3154
2025-07-03,AUD,1.3511
2025-07-03,EUR,0.8573
2025-07-03,GBP,0.7574
2025-07-04,USD,1.0
2025-07-04,CAD,1.3147
2025-07-04,AUD,1.354
2025-07-04,EUR,0.859
2025-07-04,GBP,0.7568
2025-07-05,USD,1.0
2025-07-05,CAD,1.313
2025-07-05,AUD,1.3512
2025-07-05,EUR,0.854
2025-07-05,GBP,0.7542
2025-07-06,USD,1.0
2025-07-06,CAD,1.3133
2025-07-06,AUD,1.3484
2025-07-06,EUR,0.853
2025-07-06,GBP,0.7557
2025-07-07,USD,1.0
2025-07-07,CAD,1.3133
2025-07-07,AUD,1.3484
2025-07-07,EUR,0.853
2025-07-07,GBP,0.7557
2025-07-08,USD,1.0
2025-07-08,CAD,1.3133
2025-07-08,AUD,1.3484
2025-07-08,EUR,0.853
2025-07-08,GBP,0.7557
2025-07-09,USD,1.0
2025-07-09,CAD,1.3076
2025-07-09,AUD,1.3364
2025-07-09,EUR,0.8482
2025-07-09,GBP,0.7494
2025-07-10,USD,1.0
2025-07-10,CAD,1.3132
2025-07-10,AUD,1.3437
2025-07-10,EUR,0.8538
2025-07-10,GBP,0.7542
2025-07-11,USD,1.0
2025-07-11,CAD,1.3141
2025-07-11,AUD,1.3523
2025-07-11,EUR,0.8522
2025-07-11,GBP,0.754
2025-07-12,USD,1.0
2025-07-12,CAD,1.3183
2025-07-12,AUD,1.3534
2025-07-12,EUR,0.8578
2025-07-12,GBP,0.7571
2025-07-13,USD,1.0
2025-07-13,CAD,1.3191
2025-07-13,AUD,1.3539
2025-07-13,EUR,0.8589
2025-07-13,GBP,0.76
2025-07-14,USD,1.0
2025-07-14,CAD,1.3191
2025-07-14,AUD,1.3539
2025-07-14,EUR,0.8589
2025-07-14,GBP,0.76
2025-07-15,USD,1.0
2025-07-15,CAD,1.3191
2025-07-15,AUD,1.3539
2025-07-15,EUR,0.8589
2025-07-15,GBP,0.76
2025-07-16,USD,1.0
2025-07-16,CAD,1.3139
2025-07-16,AUD,1.3458
2025-07-16,EUR,0.8532
2025-07-16,GBP,0.7532
2025-07-17,USD,1.0
2025-07-17,CAD,1.3157
2025-07-17,AUD,1.3505
2025-07-17,EUR,0.8542
2025-07-17,GBP,0.7579
2025-07-18,USD,1.0
2025-07-18,CAD,1.3254
2025-07-18,AUD,1.3603
2025-07-18,EUR,0.8613
2025-07-18,GBP,0.7675
2025-07-19,USD,1.0
2025-07-19,CAD,1.3247
2025-07-19,AUD,1.3638
2025-07-19,EUR,0.863
2025-07-19,GBP,0.7706
2025-07-20,USD,1.0
2025-07-20,CAD,1.3233
2025-07-20,AUD,1.3554
2025-07-20,EUR,0.8569
2025-07-20,GBP,0.7665
2025-07-21,USD,1.0
2025-07-21,CAD,1.3233
2025-07-21,AUD,1.3554
2025-07-21,EUR,0.8569
2025-07-21,GBP,0.7665
2025-07-22,USD,1.0
2025-07-22,CAD,1.3233
2025-07-22,AUD,1.3554
2025-07-22,EUR,0.8569
2025-07-22,GBP,0.7665
2025-07-23,USD,1.0
2025-07-23,CAD,1.3133
2025-07-23,AUD,1.3504
2025-07-23,EUR,0.8535
2025-07-23,GBP,0.7611
2025-07-24,USD,1.0
2025-07-24,CAD,1.315
2025-07-24,AUD,1.3495
2025-07-24,EUR,0.8543
2025-07-24,GBP,0.7618
2025-07-25,USD,1.0
2025-07-25,CAD,1.3123
2025-07-25,AUD,1.3487
2025-07-25,EUR,0.8554
2025-07-25,GBP,0.7601
2025-07-26,USD,1.0
2025-07-26,CAD,1.3048
2025-07-26,AUD,1.3479
2025-07-26,EUR,0.8535
2025-07-26,GBP,0.7584
2025-07-27,USD,1.0
2025-07-27,CAD,1.3069
2025-07-27,AUD,1.3561
2025-07-27,EUR,0.8602
2025-07-27,GBP,0.7641
2025-07-28,USD,1.0
2025-07-28,CAD,1.3069
2025-07-28,AUD,1.3561
2025-07-28,EUR,0.8602
2025-07-28,GBP,0.7641
2025-07-29,USD,1.0
2025-07-29,CAD,1.3069
2025-07-29,AUD,1.3561
2025-07-29,EUR,0.8602
2025-07-29,GBP,0.7641
2025-07-30,USD,1.0
2025-07-30,CAD,1.3048
2025-07-30,AUD,1.3518
2025-07-30,EUR,0.8559
2025-07-30,GBP,0.7623
2025-07-31,USD,1.0
2025-07-31,CAD,1.3035
2025-07-31,AUD,1.3466
2025-07-31,EUR,0.8521
2025-07-31,GBP,0.7602
2025-08-01,USD,1.0
2025-08-01,CAD,1.3022
2025-08-01,AUD,1.3481
2025-08-01,EUR,0.855
2025-08-01,GBP,0.7613
2025-08-02,USD,1.0
2025-08-02,CAD,1.3036
2025-08-02,AUD,1.3584
2025-08-02,EUR,0.8608
2025-08-02,GBP,0.7674
2025-08-03,USD,1.0
2025-08-03,CAD,1.3018
2025-08-03,AUD,1.3539
2025-08-03,EUR,0.863
2025-08-03,GBP,0.7685
2025-08-04,USD,1.0
2025-08-04,CAD,1.3018
2025-08-04,AUD,1.3539
2025-08-04,EUR,0.863
2025-08-04,GBP,0.7685
2025-08-05,USD,1.0
2025-08-05,CAD,1.3018
2025-08-05,AUD,1.3539
2025-08-05,EUR,0.863
2025-08-05,GBP,0.7685
2025-08-06,USD,1.0
2025-08-06,CAD,1.3023
2025-08-06,AUD,1.354
2025-08-06,EUR,0.8663
2025-08-06,GBP,0.7735
2025-08-07,USD,1.0
2025-08-07,CAD,1.2969
2025-08-07,AUD,1.3445
2025-08-07,EUR,0.8619
2025-08-07,GBP,0.7713
2025-08-08,USD,1.0
2025-08-08,CAD,1.308
2025-08-08,AUD,1.3502
2025-08-08,EUR,0.8629
2025-08-08,GBP,0.7773
2025-08-09,USD,1.0
2025-08-09,CAD,1.3035
2025-08-09,AUD,1.3479
2025-08-09,EUR,0.8626
2025-08-09,GBP,0.7758
2025-08-10,USD,1.0
2025-08-10,CAD,1.3095
2025-08-10,AUD,1.3683
2025-08-10,EUR,0.8729
2025-08-10,GBP,0.7828
2025-08-11,USD,1.0
2025-08-11,CAD,1.3095
2025-08-11,AUD,1.3683
2025-08-11,EUR,0.8729
2025-08-11,GBP,0.7828
2025-08-12,USD,1.0
2025-08-12,CAD,1.3095
2025-08-12,AUD,1.3683
2025-08-12,EUR,0.8729
2025-08-12,GBP,0.7828
2025-08-13,USD,1.0
2025-08-13,CAD,1.3151
2025-08-13,AUD,1.3742
2025-08-13,EUR,0.877
2025-08-13,GBP,0.7834
2025-08-14,USD,1.0
2025-08-14,CAD,1.3071
2025-08-14,AUD,1.3761
2025-08-14,EUR,0.8767
2025-08-14,GBP,0.7829
2025-08-15,USD,1.0
2025-08-15,CAD,1.3102
2025-08-15,AUD,1.3841
2025-08-15,EUR,0.8833
2025-08-15,GBP,0.7873
2025-08-16,USD,1.0
2025-08-16,CAD,1.3142
2025-08-16,AUD,1.3762
2025-08-16,EUR,0.8795
2025-08-16,GBP,0.7871
2025-08-17,USD,1.0
2025-08-17,CAD,1.3147
2025-08-17,AUD,1.3756
2025-08-17,EUR,0.8779
2025-08-17,GBP,0.7864
2025-08-18,USD,1.0
2025-08-18,CAD,1.3147
2025-08-18,AUD,1.3756
2025-08-18,EUR,0.8779
2025-08-18,GBP,0.7864
2025-08-19,USD,1.0
2025-08-19,CAD,1.3147
2025-08-19,AUD,1.3756
2025-08-19,EUR,0.8779
2025-08-19,GBP,0.7864
2025-08-20,USD,1.0
2025-08-20,CAD,1.3071
2025-08-20,AUD,1.3687
2025-08-20,EUR,0.8757
2025-08-20,GBP,0.7835
2025-08-21,USD,1.0
2025-08-21,CAD,1.3022
2025-08-21,AUD,1.3612
2025-08-21,EUR,0.8694
2025-08-21,GBP,0.7802
2025-08-22,USD,1.0
2025-08-22,CAD,1.3022
2025-08-22,AUD,1.3589
2025-08-22,EUR,0.8609
2025-08-22,GBP,0.7742
2025-08-23,USD,1.0
2025-08-23,CAD,1.3031
2025-08-23,AUD,1.3721
2025-08-23,EUR,0.8636
2025-08-23,GBP,0.7762
2025-08-24,USD,1.0
2025-08-24,CAD,1.3068
2025-08-24,AUD,1.3693
2025-08-24,EUR,0.863
2025-08-24,GBP,0.7784
2025-08-25,USD,1.0
2025-08-25,CAD,1.3068
2025-08-25,AUD,1.3693
2025-08-25,EUR,0.863
2025-08-25,GBP,0.7784
2025-08-26,USD,1.0
2025-08-26,CAD,1.3068
2025-08-26,AUD,1.3693
2025-08-26,EUR,0.863
2025-08-26,GBP,0.7784
2025-08-27,USD,1.0
2025-08-27,CAD,1.3051
2025-08-27,AUD,1.3656
2025-08-27,EUR,0.8596
2025-08-27,GBP,0.7768
2025-08-28,USD,1.0
2025-08-28,CAD,1.2919
2025-08-28,AUD,1.3599
2025-08-28,EUR,0.854
2025-08-28,GBP,0.7744
2025-08-29,USD,1.0
2025-08-29,CAD,1.2944
2025-08-29,AUD,1.3713
2025-08-29,EUR,0.8576
2025-08-29,GBP,0.7762
2025-08-30,USD,1.0
2025-08-30,CAD,1.2929
2025-08-30,AUD,1.3697
2025-08-30,EUR,0.8553
2025-08-30,GBP,0.7677
2025-08-31,USD,1.0
2025-08-31,CAD,1.3039
2025-08-31,AUD,1.3843
2025-08-31,EUR,0.8583
2025-08-31,GBP,0.7702
2025-09-01,USD,1.0
2025-09-01,CAD,1.3039
2025-09-01,AUD,1.3843
2025-09-01,EUR,0.8583
2025-09-01,GBP,0.7702
2025-09-02,USD,1.0
2025-09-02,CAD,1.3039
2025-09-02,AUD,1.3843
2025-09-02,EUR,0.8583
2025-09-02,GBP,0.7702
2025-09-03,USD,1.0
2025-09-03,CAD,1.3072
2025-09-03,AUD,1.3876
2025-09-03,EUR,0.8614
2025-09-03,GBP,0.7766
2025-09-04,USD,1.0
2025-09-04,CAD,1.3176
2025-09-04,AUD,1.3917
2025-09-04,EUR,0.8649
2025-09-04,GBP,0.7789
2025-09-05,USD,1.0
2025-09-05,CAD,1.3178
2025-09-05,AUD,1.3939
2025-09-05,EUR,0.8634
2025-09-05,GBP,0.7799
2025-09-06,USD,1.0
2025-09-06,CAD,1.3184
2025-09-06,AUD,1.3894
2025-09-06,EUR,0.8595
2025-09-06,GBP,0.7721
2025-09-07,USD,1.0
2025-09-07,CAD,1.3119
2025-09-07,AUD,1.3964
2025-09-07,EUR,0.861
2025-09-07,GBP,0.7686
2025-09-08,USD,1.0
2025-09-08,CAD,1.3119
2025-09-08,AUD,1.3964
2025-09-08,EUR,0.861
2025-09-08,GBP,0.7686
2025-09-09,USD,1.0
2025-09-09,CAD,1.3119
2025-09-09,AUD,1.3964
2025-09-09,EUR,0.861
2025-09-09,GBP,0.7686
2025-09-10,USD,1.0
2025-09-10,CAD,1.3195
2025-09-10,AUD,1.405
2025-09-10,EUR,0.8642
2025-09-10,GBP,0.7721
2025-09-11,USD,1.0
2025-09-11,CAD,1.316
2025-09-11,AUD,1.4092
2025-09-11,EUR,0.864
2025-09-11,GBP,0.7696
2025-09-12,USD,1.0
2025-09-12,CAD,1.3066
2025-09-12,AUD,1.4042
2025-09-12,EUR,0.8632
2025-09-12,GBP,0.7685
2025-09-13,USD,1.0
2025-09-13,CAD,1.3005
2025-09-13,AUD,1.3913
2025-09-13,EUR,0.8606
2025-09-13,GBP,0.7659
2025-09-14,USD,1.0
2025-09-14,CAD,1.3009
2025-09-14,AUD,1.3911
2025-09-14,EUR,0.8555
2025-09-14,GBP,0.7634
2025-09-15,USD,1.0
2025-09-15,CAD,1.3009
2025-09-15,AUD,1.3911
2025-09-15,EUR,0.8555
2025-09-15,GBP,0.7634
2025-09-16,USD,1.0
2025-09-16,CAD,1.3009
2025-09-16,AUD,1.3911
2025-09-16,EUR,0.8555
2025-09-16,GBP,0.7634
2025-09-17,USD,1.0
2025-09-17,CAD,1.3018
2025-09-17,AUD,1.393
2025-09-17,EUR,0.8568
2025-09-17,GBP,0.7615
2025-09-18,USD,1.0
2025-09-18,CAD,1.3026
2025-09-18,AUD,1.3887
2025-09-18,EUR,0.8549
2025-09-18,GBP,0.7606
2025-09-19,USD,1.0
2025-09-19,CAD,1.2973
2025-09-19,AUD,1.3807
2025-09-19,EUR,0.8571
2025-09-19,GBP,0.7612
2025-09-20,USD,1.0
2025-09-20,CAD,1.2893
2025-09-20,AUD,1.3729
2025-09-20,EUR,0.8497
2025-09-20,GBP,0.7527
2025-09-21,USD,1.0
2025-09-21,CAD,1.2924
2025-09-21,AUD,1.3738
2025-09-21,EUR,0.8504
2025-09-21,GBP,0.7603
2025-09-22,USD,1.0
2025-09-22,CAD,1.2924
2025-09-22,AUD,1.3738
2025-09-22,EUR,0.8504
2025-09-22,GBP,0.7603
2025-09-23,USD,1.0
2025-09-23,CAD,1.2924
2025-09-23,AUD,1.3738
2025-09-23,EUR,0.8504
2025-09-23,GBP,0.7603
2025-09-24,USD,1.0
2025-09-24,CAD,1.2937
2025-09-24,AUD,1.3749
2025-09-24,EUR,0.8494
2025-09-24,GBP,0.7599
2025-09-25,USD,1.0
2025-09-25,CAD,1.2959
2025-09-25,AUD,1.3784
2025-09-25,EUR,0.8491
2025-09-25,GBP,0.7593
2025-09-26,USD,1.0
2025-09-26,CAD,1.2962
2025-09-26,AUD,1.3804
2025-09-26,EUR,0.852
2025-09-26,GBP,0.759
2025-09-27,USD,1.0
2025-09-27,CAD,1.307
2025-09-27,AUD,1.3838
2025-09-27,EUR,0.8542
2025-09-27,GBP,0.76
2025-09-28,USD,1.0
2025-09-28,CAD,1.3013
2025-09-28,AUD,1.3863
2025-09-28,EUR,0.8639
2025-09-28,GBP,0.7665
2025-09-29,USD,1.0
2025-09-29,CAD,1.3013
2025-09-29,AUD,1.3863
2025-09-29,EUR,0.8639
2025-09-29,GBP,0.7665
2025-09-30,USD,1.0
2025-09-30,CAD,1.3013
2025-09-30,AUD,1.3863
2025-09-30,EUR,0.8639
2025-09-30,GBP,0.7665
2025-10-01,USD,1.0
2025-10-01,CAD,1.281
2025-10-01,AUD,1.3846
2025-10-01,EUR,0.8616
2025-10-01,GBP,0.7675
2025-10-02,USD,1.0
2025-10-02,CAD,1.2817
2025-10-02,AUD,1.3931
2025-10-02,EUR,0.8663
2025-10-02,GBP,0.7714
2025-10-03,USD,1.0
2025-10-03,CAD,1.2833
2025-10-03,AUD,1.3982
2025-10-03,EUR,0.866
2025-10-03,GBP,0.7698
2025-10-04,USD,1.0
2025-10-04,CAD,1.2867
2025-10-04,AUD,1.4114
2025-10-04,EUR,0.8694
2025-10-04,GBP,0.7701
2025-10-05,USD,1.0
2025-10-05,CAD,1.2917
2025-10-05,AUD,1.414
2025-10-05,EUR,0.8691
2025-10-05,GBP,0.7663
2025-10-06,USD,1.0
2025-10-06,CAD,1.2917
2025-10-06,AUD,1.414
2025-10-06,EUR,0.8691
2025-10-06,GBP,0.7663
2025-10-07,USD,1.0
2025-10-07,CAD,1.2917
2025-10-07,AUD,1.414
2025-10-07,EUR,0.8691
2025-10-07,GBP,0.7663
2025-10-08,USD,1.0
2025-10-08,CAD,1.2994
2025-10-08,AUD,1.4151
2025-10-08,EUR,0.8712
2025-10-08,GBP,0.7668
2025-10-09,USD,1.0
2025-10-09,CAD,1.2996
2025-10-09,AUD,1.417
2025-10-09,EUR,0.8745
2025-10-09,GBP,0.7668
2025-10-10,USD,1.0
2025-10-10,CAD,1.2963
2025-10-10,AUD,1.4092
2025-10-10,EUR,0.8696
2025-10-10,GBP,0.7604
2025-10-11,USD,1.0
2025-10-11,CAD,1.3047
2025-10-11,AUD,1.4094
2025-10-11,EUR,0.8639
2025-10-11,GBP,0.7559
2025-10-12,USD,1.0
2025-10-12,CAD,1.3007
2025-10-12,AUD,1.4028
2025-10-12,EUR,0.864
2025-10-12,GBP,0.7572
2025-10-13,USD,1.0
2025-10-13,CAD,1.3007
2025-10-13,AUD,1.4028
2025-10-13,EUR,0.864
2025-10-13,GBP,0.7572
2025-10-14,USD,1.0
2025-10-14,CAD,1.3007
2025-10-14,AUD,1.4028
2025-10-14,EUR,0.864
2025-10-14,GBP,0.7572
2025-10-15,USD,1.0
2025-10-15,CAD,1.3026
2025-10-15,AUD,1.4015
2025-10-15,EUR,0.8635
2025-10-15,GBP,0.7603
2025-10-16,USD,1.0
2025-10-16,CAD,1.2954
2025-10-16,AUD,1.4018
2025-10-16,EUR,0.863
2025-10-16,GBP,0.756
2025-10-17,USD,1.0
2025-10-17,CAD,1.2972
2025-10-17,AUD,1.4042
2025-10-17,EUR,0.8673
2025-10-17,GBP,0.7627
2025-10-18,USD,1.0
2025-10-18,CAD,1.3046
2025-10-18,AUD,1.401
2025-10-18,EUR,0.8692
2025-10-18,GBP,0.7635
2025-10-19,USD,1.0
2025-10-19,CAD,1.3031
2025-10-19,AUD,1.4006
2025-10-19,EUR,0.8718
2025-10-19,GBP,0.7674
2025-10-20,USD,1.0
2025-10-20,CAD,1.3031
2025-10-20,AUD,1.4006
2025-10-20,EUR,0.8718
2025-10-20,GBP,0.7674
2025-10-21,USD,1.0
2025-10-21,CAD,1.3031
2025-10-21,AUD,1.4006
2025-10-21,EUR,0.8718
2025-10-21,GBP,0.7674
2025-10-22,USD,1.0
2025-10-22,CAD,1.3089
2025-10-22,AUD,1.4081
2025-10-22,EUR,0.87
2025-10-22,GBP,0.7693
2025-10-23,USD,1.0
2025-10-23,CAD,1.3109
2025-10-23,AUD,1.4151
2025-10-23,EUR,0.8712
2025-10-23,GBP,0.7676
2025-10-24,USD,1.0
2025-10-24,CAD,1.3083
2025-10-24,AUD,1.4107
2025-10-24,EUR,0.878
2025-10-24,GBP,0.7747
2025-10-25,USD,1.0
2025-10-25,CAD,1.3046
2025-10-25,AUD,1.4099
2025-10-25,EUR,0.876
2025-10-25,GBP,0.7755
2025-10-26,USD,1.0
2025-10-26,CAD,1.3148
2025-10-26,AUD,1.4228
2025-10-26,EUR,0.8814
2025-10-26,GBP,0.7817
2025-10-27,USD,1.0
2025-10-27,CAD,1.3148
2025-10-27,AUD,1.4228
2025-10-27,EUR,0.8814
2025-10-27,GBP,0.7817
2025-10-28,USD,1.0
2025-10-28,CAD,1.3148
2025-10-28,AUD,1.4228
2025-10-28,EUR,0.8814
2025-10-28,GBP,0.7817
2025-10-29,USD,1.0
2025-10-29,CAD,1.3107
2025-10-29,AUD,1.4112
2025-10-29,EUR,0.8787
2025-10-29,GBP,0.7801
2025-10-30,USD,1.0
2025-10-30,CAD,1.3138
2025-10-30,AUD,1.4092
2025-10-30,EUR,0.8794
2025-10-30,GBP,0.7839
2025-10-31,USD,1.0
2025-10-31,CAD,1.3126
2025-10-31,AUD,1.4112
2025-10-31,EUR,0.8835
2025-10-31,GBP,0.7852
2025-11-01,USD,1.0
2025-11-01,CAD,1.3082
2025-11-01,AUD,1.3918
2025-11-01,EUR,0.8777
2025-11-01,GBP,0.7739
2025-11-02,USD,1.0
2025-11-02,CAD,1.31
2025-11-02,AUD,1.3874
2025-11-02,EUR,0.8759
2025-11-02,GBP,0.7696
2025-11-03,USD,1.0
2025-11-03,CAD,1.31
2025-11-03,AUD,1.3874
2025-11-03,EUR,0.8759
2025-11-03,GBP,0.7696
2025-11-04,USD,1.0
2025-11-04,CAD,1.31
2025-11-04,AUD,1.3874
2025-11-04,EUR,0.8759
2025-11-04,GBP,0.7696
2025-11-05,USD,1.0
2025-11-05,CAD,1.3093
2025-11-05,AUD,1.3899
2025-11-05,EUR,0.8795
2025-11-05,GBP,0.7699
2025-11-06,USD,1.0
2025-11-06,CAD,1.3122
2025-11-06,AUD,1.3816
2025-11-06,EUR,0.875
2025-11-06,GBP,0.764
2025-11-07,USD,1.0
2025-11-07,CAD,1.3075
2025-11-07,AUD,1.3711
2025-11-07,EUR,0.8705
2025-11-07,GBP,0.7609
2025-11-08,USD,1.0
2025-11-08,CAD,1.3106
2025-11-08,AUD,1.3715
2025-11-08,EUR,0.8754
2025-11-08,GBP,0.763
2025-11-09,USD,1.0
2025-11-09,CAD,1.3193
2025-11-09,AUD,1.3805
2025-11-09,EUR,0.8814
2025-11-09,GBP,0.7673
2025-11-10,USD,1.0
2025-11-10,CAD,1.3193
2025-11-10,AUD,1.3805
2025-11-10,EUR,0.8814
2025-11-10,GBP,0.7673
2025-11-11,USD,1.0
2025-11-11,CAD,1.3193
2025-11-11,AUD,1.3805
2025-11-11,EUR,0.8814
2025-11-11,GBP,0.7673
2025-11-12,USD,1.0
2025-11-12,CAD,1.3203
2025-11-12,AUD,1.3869
2025-11-12,EUR,0.8877
2025-11-12,GBP,0.7773
2025-11-13,USD,1.0
2025-11-13,CAD,1.3221
2025-11-13,AUD,1.3878
2025-11-13,EUR,0.888
2025-11-13,GBP,0.7721
2025-11-14,USD,1.0
2025-11-14,CAD,1.3223
2025-11-14,AUD,1.3861
2025-11-14,EUR,0.8853
2025-11-14,GBP,0.7706
2025-11-15,USD,1.0
2025-11-15,CAD,1.3223
2025-11-15,AUD,1.3767
2025-11-15,EUR,0.8846
2025-11-15,GBP,0.7817
2025-11-16,USD,1.0
2025-11-16,CAD,1.3181
2025-11-16,AUD,1.377
2025-11-16,EUR,0.8814
2025-11-16,GBP,0.7787
2025-11-17,USD,1.0
2025-11-17,CAD,1.3181
2025-11-17,AUD,1.377
2025-11-17,EUR,0.8814
2025-11-17,GBP,0.7787
2025-11-18,USD,1.0
2025-11-18,CAD,1.3181
2025-11-18,AUD,1.377
2025-11-18,EUR,0.8814
2025-11-18,GBP,0.7787
2025-11-19,USD,1.0
2025-11-19,CAD,1.3175
2025-11-19,AUD,1.3704
2025-11-19,EUR,0.8751
2025-11-19,GBP,0.7796
2025-11-20,USD,1.0
2025-11-20,CAD,1.3196
2025-11-20,AUD,1.3757
2025-11-20,EUR,0.8756
2025-11-20,GBP,0.7785
2025-11-21,USD,1.0
2025-11-21,CAD,1.3274
2025-11-21,AUD,1.3783
2025-11-21,EUR,0.8765
2025-11-21,GBP,0.781
2025-11-22,USD,1.0
2025-11-22,CAD,1.3219
2025-11-22,AUD,1.3787
2025-11-22,EUR,0.877
2025-11-22,GBP,0.777
2025-11-23,USD,1.0
2025-11-23,CAD,1.323
2025-11-23,AUD,1.3837
2025-11-23,EUR,0.8809
2025-11-23,GBP,0.7794
2025-11-24,USD,1.0
2025-11-24,CAD,1.323
2025-11-24,AUD,1.3837
2025-11-24,EUR,0.8809
2025-11-24,GBP,0.7794
2025-11-25,USD,1.0
2025-11-25,CAD,1.323
2025-11-25,AUD,1.3837
2025-11-25,EUR,0.8809
2025-11-25,GBP,0.7794
2025-11-26,USD,1.0
2025-11-26,CAD,1.321
2025-11-26,AUD,1.3785
2025-11-26,EUR,0.88
2025-11-26,GBP,0.7783
2025-11-27,USD,1.0
2025-11-27,CAD,1.3257
2025-11-27,AUD,1.3799
2025-11-27,EUR,0.8828
2025-11-27,GBP,0.7834
2025-11-28,USD,1.0
2025-11-28,CAD,1.3325
2025-11-28,AUD,1.382
2025-11-28,EUR,0.8862
2025-11-28,GBP,0.782
2025-11-29,USD,1.0
2025-11-29,CAD,1.3276
2025-11-29,AUD,1.3634
2025-11-29,EUR,0.8782
2025-11-29,GBP,0.7828
2025-11-30,USD,1.0
2025-11-30,CAD,1.3308
2025-11-30,AUD,1.3703
2025-11-30,EUR,0.8804
2025-11-30,GBP,0.7841
2025-12-01,USD,1.0
2025-12-01,CAD,1.3308
2025-12-01,AUD,1.3703
2025-12-01,EUR,0.8804
2025-12-01,GBP,0.7841
2025-12-02,USD,1.0
2025-12-02,CAD,1.3308
2025-12-02,AUD,1.3703
2025-12-02,EUR,0.8804
2025-12-02,GBP,0.7841
2025-12-03,USD,1.0
2025-12-03,CAD,1.3176
2025-12-03,AUD,1.3549
2025-12-03,EUR,0.8825
2025-12-03,GBP,0.7867
2025-12-04,USD,1.0
2025-12-04,CAD,1.3175
2025-12-04,AUD,1.3543
2025-12-04,EUR,0.8765
2025-12-04,GBP,0.7806
2025-12-05,USD,1.0
2025-12-05,CAD,1.3278
2025-12-05,AUD,1.3712
2025-12-05,EUR,0.8807
2025-12-05,GBP,0.7829
2025-12-06,USD,1.0
2025-12-06,CAD,1.3416
2025-12-06,AUD,1.3871
2025-12-06,EUR,0.881
2025-12-06,GBP,0.7835
2025-12-07,USD,1.0
2025-12-07,CAD,1.3394
2025-12-07,AUD,1.3865
2025-12-07,EUR,0.8794
2025-12-07,GBP,0.7834
2025-12-08,USD,1.0
2025-12-08,CAD,1.3394
2025-12-08,AUD,1.3865
2025-12-08,EUR,0.8794
2025-12-08,GBP,0.7834
2025-12-09,USD,1.0
2025-12-09,CAD,1.3394
2025-12-09,AUD,1.3865
2025-12-09,EUR,0.8794
2025-12-09,GBP,0.7834
2025-12-10,USD,1.0
2025-12-10,CAD,1.332
2025-12-10,AUD,1.3866
2025-12-10,EUR,0.8753
2025-12-10,GBP,0.7899
2025-12-11,USD,1.0
2025-12-11,CAD,1.3392
2025-12-11,AUD,1.3866
2025-12-11,EUR,0.8788
2025-12-11,GBP,0.7929
2025-12-12,USD,1.0
2025-12-12,CAD,1.337
2025-12-12,AUD,1.3866
2025-12-12,EUR,0.8814
2025-12-12,GBP,0.7944
2025-12-13,USD,1.0
2025-12-13,CAD,1.3361
2025-12-13,AUD,1.3833
2025-12-13,EUR,0.8794
2025-12-13,GBP,0.7902
2025-12-14,USD,1.0
2025-12-14,CAD,1.3376
2025-12-14,AUD,1.3959
2025-12-14,EUR,0.8861
2025-12-14,GBP,0.7961
2025-12-15,USD,1.0
2025-12-15,CAD,1.3376
2025-12-15,AUD,1.3959
2025-12-15,EUR,0.8861
2025-12-15,GBP,0.7961
2025-12-16,USD,1.0
2025-12-16,CAD,1.3376
2025-12-16,AUD,1.3959
2025-12-16,EUR,0.8861
2025-12-16,GBP,0.7961
2025-12-17,USD,1.0
2025-12-17,CAD,1.3393
2025-12-17,AUD,1.3933
2025-12-17,EUR,0.8818
2025-12-17,GBP,0.7926
2025-12-18,USD,1.0
2025-12-18,CAD,1.3403
2025-12-18,AUD,1.3896
2025-12-18,EUR,0.879
2025-12-18,GBP,0.7886
2025-12-19,USD,1.0
2025-12-19,CAD,1.3443
2025-12-19,AUD,1.3923
2025-12-19,EUR,0.8768
2025-12-19,GBP,0.7919
2025-12-20,USD,1.0
2025-12-20,CAD,1.347
2025-12-20,AUD,1.4016
2025-12-20,EUR,0.8733
2025-12-20,GBP,0.7889
2025-12-21,USD,1.0
2025-12-21,CAD,1.3544
2025-12-21,AUD,1.4089
2025-12-21,EUR,0.8761
2025-12-21,GBP,0.7904
2025-12-22,USD,1.0
2025-12-22,CAD,1.3544
2025-12-22,AUD,1.4089
2025-12-22,EUR,0.8761
2025-12-22,GBP,0.7904
2025-12-23,USD,1.0
2025-12-23,CAD,1.3544
2025-12-23,AUD,1.4089
2025-12-23,EUR,0.8761
2025-12-23,GBP,0.7904
2025-12-24,USD,1.0
2025-12-24,CAD,1.3592
2025-12-24,AUD,1.4188
2025-12-24,EUR,0.8766
2025-12-24,GBP,0.7893
2025-12-25,USD,1.0
2025-12-25,CAD,1.3592
2025-12-25,AUD,1.4188
2025-12-25,EUR,0.8766
2025-12-25,GBP,0.7893
2025-12-26,USD,1.0
2025-12-26,CAD,1.3592
2025-12-26,AUD,1.4188
2025-12-26,EUR,0.8766
2025-12-26,GBP,0.7893
2025-12-27,USD,1.0
2025-12-27,CAD,1.3624
2025-12-27,AUD,1.4205
2025-12-27,EUR,0.879
2025-12-27,GBP,0.7917
2025-12-28,USD,1.0
2025-12-28,CAD,1.3621
2025-12-28,AUD,1.4157
2025-12-28,EUR,0.8731
2025-12-28,GBP,0.7881
2025-12-29,USD,1.0
2025-12-29,CAD,1.3621
2025-12-29,AUD,1.4157
2025-12-29,EUR,0.8731
2025-12-29,GBP,0.7881
2025-12-30,USD,1.0
2025-12-30,CAD,1.3621
2025-12-30,AUD,1.4157
2025-12-30,EUR,0.8731
2025-12-30,GBP,0.7881
2025-12-31,USD,1.0
2025-12-31,CAD,1.3629
2025-12-31,AUD,1.4166
2025-12-31,EUR,0.8734
2025-12-31,GBP,0.7812
2022-01-01,USD,1.0
2022-01-01,CAD,1.3629
2022-01-01,AUD,1.4166
2022-01-01,EUR,0.8734
2022-01-01,GBP,0.7812
2022-01-02,USD,1.0
2022-01-02,CAD,1.3641
2022-01-02,AUD,1.4278
2022-01-02,EUR,0.8774
2022-01-02,GBP,0.7911
2022-01-03,USD,1.0
2022-01-03,CAD,1.3564
2022-01-03,AUD,1.4352
2022-01-03,EUR,0.8812
2022-01-03,GBP,0.7958
2022-01-04,USD,1.0
2022-01-04,CAD,1.3442
2022-01-04,AUD,1.4197
2022-01-04,EUR,0.877
2022-01-04,GBP,0.7892
2022-01-05,USD,1.0
2022-01-05,CAD,1.3442
2022-01-05,AUD,1.4197
2022-01-05,EUR,0.877
2022-01-05,GBP,0.7892
2022-01-06,USD,1.0
2022-01-06,CAD,1.3442
2022-01-06,AUD,1.4197
2022-01-06,EUR,0.877
2022-01-06,GBP,0.7892
2022-01-07,USD,1.0
2022-01-07,CAD,1.3352
2022-01-07,AUD,1.4015
2022-01-07,EUR,0.8737
2022-01-07,GBP,0.7839
2022-01-08,USD,1.0
2022-01-08,CAD,1.3294
2022-01-08,AUD,1.4023
2022-01-08,EUR,0.8741
2022-01-08,GBP,0.7845
2022-01-09,USD,1.0
2022-01-09,CAD,1.3245
2022-01-09,AUD,1.3952
2022-01-09,EUR,0.873
2022-01-09,GBP,0.7849
2022-01-10,USD,1.0
2022-01-10,CAD,1.3221
2022-01-10,AUD,1.3898
2022-01-10,EUR,0.8669
2022-01-10,GBP,0.7839
2022-01-11,USD,1.0
2022-01-11,CAD,1.322
2022-01-11,AUD,1.3847
2022-01-11,EUR,0.8671
2022-01-11,GBP,0.7805
2022-01-12,USD,1.0
2022-01-12,CAD,1.322
2022-01-12,AUD,1.3847
2022-01-12,EUR,0.8671
2022-01-12,GBP,0.7805
2022-01-13,USD,1.0
2022-01-13,CAD,1.322
2022-01-13,AUD,1.3847
2022-01-13,EUR,0.8671
2022-01-13,GBP,0.7805
2022-01-14,USD,1.0
2022-01-14,CAD,1.3278
2022-01-14,AUD,1.3905
2022-01-14,EUR,0.8721
2022-01-14,GBP,0.7784
2022-01-15,USD,1.0
2022-01-15,CAD,1.3265
2022-01-15,AUD,1.3904
2022-01-15,EUR,0.8754
2022-01-15,GBP,0.7793
2022-01-16,USD,1.0
2022-01-16,CAD,1.3259
2022-01-16,AUD,1.3938
2022-01-16,EUR,0.878
2022-01-16,GBP,0.7779
2022-01-17,USD,1.0
2022-01-17,CAD,1.3297
2022-01-17,AUD,1.3948
2022-01-17,EUR,0.8775
2022-01-17,GBP,0.7745
2022-01-18,USD,1.0
2022-01-18,CAD,1.3273
2022-01-18,AUD,1.3901
2022-01-18,EUR,0.877
2022-01-18,GBP,0.7729
2022-01-19,USD,1.0
2022-01-19,CAD,1.3273
2022-01-19,AUD,1.3901
2022-01-19,EUR,0.877
2022-01-19,GBP,0.7729
2022-01-20,USD,1.0
2022-01-20,CAD,1.3273
2022-01-20,AUD,1.3901
2022-01-20,EUR,0.877
2022-01-20,GBP,0.7729
2022-01-21,USD,1.0
2022-01-21,CAD,1.3305
2022-01-21,AUD,1.3984
2022-01-21,EUR,0.8801
2022-01-21,GBP,0.7772
2022-01-22,USD,1.0
2022-01-22,CAD,1.3324
2022-01-22,AUD,1.4024
2022-01-22,EUR,0.8807
2022-01-22,GBP,0.7751
2022-01-23,USD,1.0
2022-01-23,CAD,1.3312
2022-01-23,AUD,1.4018
2022-01-23,EUR,0.8797
2022-01-23,GBP,0.7672
2022-01-24,USD,1.0
2022-01-24,CAD,1.3367
2022-01-24,AUD,1.4079
2022-01-24,EUR,0.8818
2022-01-24,GBP,0.7679
2022-01-25,USD,1.0
2022-01-25,CAD,1.3315
2022-01-25,AUD,1.4048
2022-01-25,EUR,0.8814
2022-01-25,GBP,0.7631
2022-01-26,USD,1.0
2022-01-26,CAD,1.3315
2022-01-26,AUD,1.4048
2022-01-26,EUR,0.8814
2022-01-26,GBP,0.7631
2022-01-27,USD,1.0
2022-01-27,CAD,1.3315
2022-01-27,AUD,1.4048
2022-01-27,EUR,0.8814
2022-01-27,GBP,0.7631
2022-01-28,USD,1.0
2022-01-28,CAD,1.3238
2022-01-28,AUD,1.3937
2022-01-28,EUR,0.8758
2022-01-28,GBP,0.761
2022-01-29,USD,1.0
2022-01-29,CAD,1.3257
2022-01-29,AUD,1.3968
2022-01-29,EUR,0.8755
2022-01-29,GBP,0.7594
2022-01-30,USD,1.0
2022-01-30,CAD,1.3222
2022-01-30,AUD,1.3899
2022-01-30,EUR,0.875
2022-01-30,GBP,0.7642
2022-01-31,USD,1.0
2022-01-31,CAD,1.3152
2022-01-31,AUD,1.3742
2022-01-31,EUR,0.8705
2022-01-31,GBP,0.7623
2022-02-01,USD,1.0
2022-02-01,CAD,1.3142
2022-02-01,AUD,1.3764
2022-02-01,EUR,0.8718
2022-02-01,GBP,0.7662
2022-02-02,USD,1.0
2022-02-02,CAD,1.3142
2022-02-02,AUD,1.3764
2022-02-02,EUR,0.8718
2022-02-02,GBP,0.7662
2022-02-03,USD,1.0
2022-02-03,CAD,1.3142
2022-02-03,AUD,1.3764
2022-02-03,EUR,0.8718
2022-02-03,GBP,0.7662
2022-02-04,USD,1.0
2022-02-04,CAD,1.3116
2022-02-04,AUD,1.3851
2022-02-04,EUR,0.8737
2022-02-04,GBP,0.7661
2022-02-05,USD,1.0
2022-02-05,CAD,1.3128
2022-02-05,AUD,1.3806
2022-02-05,EUR,0.8754
2022-02-05,GBP,0.7687
2022-02-06,USD,1.0
2022-02-06,CAD,1.3182
2022-02-06,AUD,1.4014
2022-02-06,EUR,0.8777
2022-02-06,GBP,0.7712
2022-02-07,USD,1.0
2022-02-07,CAD,1.3266
2022-02-07,AUD,1.4063
2022-02-07,EUR,0.8814
2022-02-07,GBP,0.7735
2022-02-08,USD,1.0
2022-02-08,CAD,1.3307
2022-02-08,AUD,1.4107
2022-02-08,EUR,0.8814
2022-02-08,GBP,0.7711
2022-02-09,USD,1.0
2022-02-09,CAD,1.3307
2022-02-09,AUD,1.4107
2022-02-09,EUR,0.8814
2022-02-09,GBP,0.7711
2022-02-10,USD,1.0
2022-02-10,CAD,1.3307
2022-02-10,AUD,1.4107
2022-02-10,EUR,0.8814
2022-02-10,GBP,0.7711
2022-02-11,USD,1.0
2022-02-11,CAD,1.3268
2022-02-11,AUD,1.4133
2022-02-11,EUR,0.8843
2022-02-11,GBP,0.7747
2022-02-12,USD,1.0
2022-02-12,CAD,1.3252
2022-02-12,AUD,1.4099
2022-02-12,EUR,0.8853
2022-02-12,GBP,0.7764
2022-02-13,USD,1.0
2022-02-13,CAD,1.3244
2022-02-13,AUD,1.4065
2022-02-13,EUR,0.8846
2022-02-13,GBP,0.7745
2022-02-14,USD,1.0
2022-02-14,CAD,1.3267
2022-02-14,AUD,1.4065
2022-02-14,EUR,0.8875
2022-02-14,GBP,0.7805
2022-02-15,USD,1.0
2022-02-15,CAD,1.3285
2022-02-15,AUD,1.4064
2022-02-15,EUR,0.8881
2022-02-15,GBP,0.781
2022-02-16,USD,1.0
2022-02-16,CAD,1.3285
2022-02-16,AUD,1.4064
2022-02-16,EUR,0.8881
2022-02-16,GBP,0.781
2022-02-17,USD,1.0
2022-02-17,CAD,1.3285
2022-02-17,AUD,1.4064
2022-02-17,EUR,0.8881
2022-02-17,GBP,0.781
2022-02-18,USD,1.0
2022-02-18,CAD,1.3234
2022-02-18,AUD,1.397
2022-02-18,EUR,0.8828
2022-02-18,GBP,0.7735
2022-02-19,USD,1.0
2022-02-19,CAD,1.3247
2022-02-19,AUD,1.4061
2022-02-19,EUR,0.8854
2022-02-19,GBP,0.772
2022-02-20,USD,1.0
2022-02-20,CAD,1.3186
2022-02-20,AUD,1.3969
2022-02-20,EUR,0.8817
2022-02-20,GBP,0.7666
2022-02-21,USD,1.0
2022-02-21,CAD,1.3168
2022-02-21,AUD,1.4065
2022-02-21,EUR,0.8807
2022-02-21,GBP,0.7645
2022-02-22,USD,1.0
2022-02-22,CAD,1.3224
2022-02-22,AUD,1.406
2022-02-22,EUR,0.883
2022-02-22,GBP,0.7705
2022-02-23,USD,1.0
2022-02-23,CAD,1.3224
2022-02-23,AUD,1.406
2022-02-23,EUR,0.883
2022-02-23,GBP,0.7705
2022-02-24,USD,1.0
2022-02-24,CAD,1.3224
2022-02-24,AUD,1.406
2022-02-24,EUR,0.883
2022-02-24,GBP,0.7705
2022-02-25,USD,1.0
2022-02-25,CAD,1.3143
2022-02-25,AUD,1.3942
2022-02-25,EUR,0.8807
2022-02-25,GBP,0.7647
2022-02-26,USD,1.0
2022-02-26,CAD,1.3224
2022-02-26,AUD,1.3993
2022-02-26,EUR,0.8802
2022-02-26,GBP,0.7575
2022-02-27,USD,1.0
2022-02-27,CAD,1.3141
2022-02-27,AUD,1.3972
2022-02-27,EUR,0.8783
2022-02-27,GBP,0.7509
2022-02-28,USD,1.0
2022-02-28,CAD,1.3176
2022-02-28,AUD,1.4005
2022-02-28,EUR,0.876
2022-02-28,GBP,0.7519
2022-03-01,USD,1.0
2022-03-01,CAD,1.3152
2022-03-01,AUD,1.4056
2022-03-01,EUR,0.8785
2022-03-01,GBP,0.7552
2022-03-02,USD,1.0
2022-03-02,CAD,1.3152
2022-03-02,AUD,1.4056
2022-03-02,EUR,0.8785
2022-03-02,GBP,0.7552
2022-03-03,USD,1.0
2022-03-03,CAD,1.3152
2022-03-03,AUD,1.4056
2022-03-03,EUR,0.8785
2022-03-03,GBP,0.7552
2022-03-04,USD,1.0
2022-03-04,CAD,1.3312
2022-03-04,AUD,1.4104
2022-03-04,EUR,0.8821
2022-03-04,GBP,0.7566
2022-03-05,USD,1.0
2022-03-05,CAD,1.3343
2022-03-05,AUD,1.4138
2022-03-05,EUR,0.8827
2022-03-05,GBP,0.7623
2022-03-06,USD,1.0
2022-03-06,CAD,1.3382
2022-03-06,AUD,1.4217
2022-03-06,EUR,0.8846
2022-03-06,GBP,0.7605
2022-03-07,USD,1.0
2022-03-07,CAD,1.3425
2022-03-07,AUD,1.4208
2022-03-07,EUR,0.8872
2022-03-07,GBP,0.762
2022-03-08,USD,1.0
2022-03-08,CAD,1.3455
2022-03-08,AUD,1.4226
2022-03-08,EUR,0.8911
2022-03-08,GBP,0.7655
2022-03-09,USD,1.0
2022-03-09,CAD,1.3455
2022-03-09,AUD,1.4226
2022-03-09,EUR,0.8911
2022-03-09,GBP,0.7655
2022-03-10,USD,1.0
2022-03-10,CAD,1.3455
2022-03-10,AUD,1.4226
2022-03-10,EUR,0.8911
2022-03-10,GBP,0.7655
2022-03-11,USD,1.0
2022-03-11,CAD,1.3423
2022-03-11,AUD,1.4172
2022-03-11,EUR,0.8894
2022-03-11,GBP,0.767
2022-03-12,USD,1.0
2022-03-12,CAD,1.3402
2022-03-12,AUD,1.4125
2022-03-12,EUR,0.8869
2022-03-12,GBP,0.764
2022-03-13,USD,1.0
2022-03-13,CAD,1.3348
2022-03-13,AUD,1.416
2022-03-13,EUR,0.8847
2022-03-13,GBP,0.7598
2022-03-14,USD,1.0
2022-03-14,CAD,1.3346
2022-03-14,AUD,1.4192
2022-03-14,EUR,0.8853
2022-03-14,GBP,0.7546
2022-03-15,USD,1.0
2022-03-15,CAD,1.3369
2022-03-15,AUD,1.4139
2022-03-15,EUR,0.8843
2022-03-15,GBP,0.7554
2022-03-16,USD,1.0
2022-03-16,CAD,1.3369
2022-03-16,AUD,1.4139
2022-03-16,EUR,0.8843
2022-03-16,GBP,0.7554
2022-03-17,USD,1.0
2022-03-17,CAD,1.3369
2022-03-17,AUD,1.4139
2022-03-17,EUR,0.8843
2022-03-17,GBP,0.7554
2022-03-18,USD,1.0
2022-03-18,CAD,1.3335
2022-03-18,AUD,1.4081
2022-03-18,EUR,0.8811
2022-03-18,GBP,0.7548
2022-03-19,USD,1.0
2022-03-19,CAD,1.3259
2022-03-19,AUD,1.4075
2022-03-19,EUR,0.8804
2022-03-19,GBP,0.7532
2022-03-20,USD,1.0
2022-03-20,CAD,1.3321
2022-03-20,AUD,1.4091
2022-03-20,EUR,0.8807
2022-03-20,GBP,0.7599
2022-03-21,USD,1.0
2022-03-21,CAD,1.3339
2022-03-21,AUD,1.4038
2022-03-21,EUR,0.8782
2022-03-21,GBP,0.761
2022-03-22,USD,1.0
2022-03-22,CAD,1.3409
2022-03-22,AUD,1.4089
2022-03-22,EUR,0.8848
2022-03-22,GBP,0.76
2022-03-23,USD,1.0
2022-03-23,CAD,1.3409
2022-03-23,AUD,1.4089
2022-03-23,EUR,0.8848
2022-03-23,GBP,0.76
2022-03-24,USD,1.0
2022-03-24,CAD,1.3409
2022-03-24,AUD,1.4089
2022-03-24,EUR,0.8848
2022-03-24,GBP,0.76
2022-03-25,USD,1.0
2022-03-25,CAD,1.3425
2022-03-25,AUD,1.4067
2022-03-25,EUR,0.883
2022-03-25,GBP,0.7562
2022-03-26,USD,1.0
2022-03-26,CAD,1.3402
2022-03-26,AUD,1.4022
2022-03-26,EUR,0.8857
2022-03-26,GBP,0.7557
2022-03-27,USD,1.0
2022-03-27,CAD,1.341
2022-03-27,AUD,1.4109
2022-03-27,EUR,0.888
2022-03-27,GBP,0.7559
2022-03-28,USD,1.0
2022-03-28,CAD,1.343
2022-03-28,AUD,1.4129
2022-03-28,EUR,0.8914
2022-03-28,GBP,0.7627
2022-03-29,USD,1.0
2022-03-29,CAD,1.3351
2022-03-29,AUD,1.4082
2022-03-29,EUR,0.8901
2022-03-29,GBP,0.764
2022-03-30,USD,1.0
2022-03-30,CAD,1.3351
2022-03-30,AUD,1.4082
2022-03-30,EUR,0.8901
2022-03-30,GBP,0.764
2022-03-31,USD,1.0
2022-03-31,CAD,1.3351
2022-03-31,AUD,1.4082
2022-03-31,EUR,0.8901
2022-03-31,GBP,0.764
2022-04-01,USD,1.0
2022-04-01,CAD,1.3355
2022-04-01,AUD,1.404
2022-04-01,EUR,0.89
2022-04-01,GBP,0.7624
2022-04-02,USD,1.0
2022-04-02,CAD,1.3321
2022-04-02,AUD,1.4122
2022-04-02,EUR,0.8929
2022-04-02,GBP,0.7679
2022-04-03,USD,1.0
2022-04-03,CAD,1.331
2022-04-03,AUD,1.4048
2022-04-03,EUR,0.8894
2022-04-03,GBP,0.7595
2022-04-04,USD,1.0
2022-04-04,CAD,1.3359
2022-04-04,AUD,1.4066
2022-04-04,EUR,0.8913
2022-04-04,GBP,0.7614
2022-04-05,USD,1.0
2022-04-05,CAD,1.338
2022-04-05,AUD,1.4054
2022-04-05,EUR,0.8902
2022-04-05,GBP,0.765
2022-04-06,USD,1.0
2022-04-06,CAD,1.338
2022-04-06,AUD,1.4054
2022-04-06,EUR,0.8902
2022-04-06,GBP,0.765
2022-04-07,USD,1.0
2022-04-07,CAD,1.338
2022-04-07,AUD,1.4054
2022-04-07,EUR,0.8902
2022-04-07,GBP,0.765
2022-04-08,USD,1.0
2022-04-08,CAD,1.3375
2022-04-08,AUD,1.407
2022-04-08,EUR,0.8892
2022-04-08,GBP,0.7663
2022-04-09,USD,1.0
2022-04-09,CAD,1.3287
2022-04-09,AUD,1.3994
2022-04-09,EUR,0.8868
2022-04-09,GBP,0.7656
2022-04-10,USD,1.0
2022-04-10,CAD,1.3327
2022-04-10,AUD,1.3995
2022-04-10,EUR,0.8866
2022-04-10,GBP,0.7632
2022-04-11,USD,1.0
2022-04-11,CAD,1.3376
2022-04-11,AUD,1.3991
2022-04-11,EUR,0.8878
2022-04-11,GBP,0.765
2022-04-12,USD,1.0
2022-04-12,CAD,1.3322
2022-04-12,AUD,1.3931
2022-04-12,EUR,0.8833
2022-04-12,GBP,0.7622
2022-04-13,USD,1.0
2022-04-13,CAD,1.3322
2022-04-13,AUD,1.3931
2022-04-13,EUR,0.8833
2022-04-13,GBP,0.7622
2022-04-14,USD,1.0
2022-04-14,CAD,1.3322
2022-04-14,AUD,1.3931
2022-04-14,EUR,0.8833
2022-04-14,GBP,0.7622
2022-04-15,USD,1.0
2022-04-15,CAD,1.3312
2022-04-15,AUD,1.3932
2022-04-15,EUR,0.8839
2022-04-15,GBP,0.7629
2022-04-16,USD,1.0
2022-04-16,CAD,1.3366
2022-04-16,AUD,1.3947
2022-04-16,EUR,0.8846
2022-04-16,GBP,0.7642
2022-04-17,USD,1.0
2022-04-17,CAD,1.3335
2022-04-17,AUD,1.3903
2022-04-17,EUR,0.8849
2022-04-17,GBP,0.7662
2022-04-18,USD,1.0
2022-04-18,CAD,1.3391
2022-04-18,AUD,1.3972
2022-04-18,EUR,0.8889
2022-04-18,GBP,0.7686
2022-04-19,USD,1.0
2022-04-19,CAD,1.3391
2022-04-19,AUD,1.3972
2022-04-19,EUR,0.8889
2022-04-19,GBP,0.7686
2022-04-20,USD,1.0
2022-04-20,CAD,1.3391
2022-04-20,AUD,1.3972
2022-04-20,EUR,0.8889
2022-04-20,GBP,0.7686
2022-04-21,USD,1.0
2022-04-21,CAD,1.3391
2022-04-21,AUD,1.3972
2022-04-21,EUR,0.8889
2022-04-21,GBP,0.7686
2022-04-22,USD,1.0
2022-04-22,CAD,1.3391
2022-04-22,AUD,1.3972
2022-04-22,EUR,0.8889
2022-04-22,GBP,0.7686
2022-04-23,USD,1.0
2022-04-23,CAD,1.339
2022-04-23,AUD,1.4063
2022-04-23,EUR,0.8893
2022-04-23,GBP,0.7688
2022-04-24,USD,1.0
2022-04-24,CAD,1.3452
2022-04-24,AUD,1.4205
2022-04-24,EUR,0.8921
2022-04-24,GBP,0.7721
2022-04-25,USD,1.0
2022-04-25,CAD,1.3506
2022-04-25,AUD,1.43
2022-04-25,EUR,0.899
2022-04-25,GBP,0.7771
2022-04-26,USD,1.0
2022-04-26,CAD,1.3491
2022-04-26,AUD,1.4214
2022-04-26,EUR,0.8982
2022-04-26,GBP,0.7755
2022-04-27,USD,1.0
2022-04-27,CAD,1.3491
2022-04-27,AUD,1.4214
2022-04-27,EUR,0.8982
2022-04-27,GBP,0.7755
2022-04-28,USD,1.0
2022-04-28,CAD,1.3491
2022-04-28,AUD,1.4214
2022-04-28,EUR,0.8982
2022-04-28,GBP,0.7755
2022-04-29,USD,1.0
2022-04-29,CAD,1.3478
2022-04-29,AUD,1.4193
2022-04-29,EUR,0.8969
2022-04-29,GBP,0.7743
2022-04-30,USD,1.0
2022-04-30,CAD,1.3438
2022-04-30,AUD,1.4183
2022-04-30,EUR,0.8914
2022-04-30,GBP,0.7688
2022-05-01,USD,1.0
2022-05-01,CAD,1.3438
2022-05-01,AUD,1.4183
2022-05-01,EUR,0.8914
2022-05-01,GBP,0.7688
2022-05-02,USD,1.0
2022-05-02,CAD,1.3436
2022-05-02,AUD,1.4244
2022-05-02,EUR,0.8919
2022-05-02,GBP,0.7664
2022-05-03,USD,1.0
2022-05-03,CAD,1.3464
2022-05-03,AUD,1.4292
2022-05-03,EUR,0.8965
2022-05-03,GBP,0.769
2022-05-04,USD,1.0
2022-05-04,CAD,1.3464
2022-05-04,AUD,1.4292
2022-05-04,EUR,0.8965
2022-05-04,GBP,0.769
2022-05-05,USD,1.0
2022-05-05,CAD,1.3464
2022-05-05,AUD,1.4292
2022-05-05,EUR,0.8965
2022-05-05,GBP,0.769
2022-05-06,USD,1.0
2022-05-06,CAD,1.3479
2022-05-06,AUD,1.4306
2022-05-06,EUR,0.8929
2022-05-06,GBP,0.7632
2022-05-07,USD,1.0
2022-05-07,CAD,1.3469
2022-05-07,AUD,1.4255
2022-05-07,EUR,0.8941
2022-05-07,GBP,0.7657
2022-05-08,USD,1.0
2022-05-08,CAD,1.3457
2022-05-08,AUD,1.4272
2022-05-08,EUR,0.8927
2022-05-08,GBP,0.7686
2022-05-09,USD,1.0
2022-05-09,CAD,1.3484
2022-05-09,AUD,1.4336
2022-05-09,EUR,0.8934
2022-05-09,GBP,0.7694
2022-05-10,USD,1.0
2022-05-10,CAD,1.3475
2022-05-10,AUD,1.43
2022-05-10,EUR,0.8905
2022-05-10,GBP,0.768
2022-05-11,USD,1.0
2022-05-11,CAD,1.3475
2022-05-11,AUD,1.43
2022-05-11,EUR,0.8905
2022-05-11,GBP,0.768
2022-05-12,USD,1.0
2022-05-12,CAD,1.3475
2022-05-12,AUD,1.43
2022-05-12,EUR,0.8905
2022-05-12,GBP,0.768
2022-05-13,USD,1.0
2022-05-13,CAD,1.3443
2022-05-13,AUD,1.4355
2022-05-13,EUR,0.8893
2022-05-13,GBP,0.7679
2022-05-14,USD,1.0
2022-05-14,CAD,1.3466
2022-05-14,AUD,1.4397
2022-05-14,EUR,0.8908
2022-05-14,GBP,0.7725
2022-05-15,USD,1.0
2022-05-15,CAD,1.348
2022-05-15,AUD,1.4456
2022-05-15,EUR,0.8942
2022-05-15,GBP,0.7764
2022-05-16,USD,1.0
2022-05-16,CAD,1.3424
2022-05-16,AUD,1.4472
2022-05-16,EUR,0.8926
2022-05-16,GBP,0.7807
2022-05-17,USD,1.0
2022-05-17,CAD,1.3493
2022-05-17,AUD,1.4535
2022-05-17,EUR,0.8951
2022-05-17,GBP,0.7841
2022-05-18,USD,1.0
2022-05-18,CAD,1.3493
2022-05-18,AUD,1.4535
2022-05-18,EUR,0.8951
2022-05-18,GBP,0.7841
2022-05-19,USD,1.0
2022-05-19,CAD,1.3493
2022-05-19,AUD,1.4535
2022-05-19,EUR,0.8951
2022-05-19,GBP,0.7841
2022-05-20,USD,1.0
2022-05-20,CAD,1.3432
2022-05-20,AUD,1.4454
2022-05-20,EUR,0.8955
2022-05-20,GBP,0.7846
2022-05-21,USD,1.0
2022-05-21,CAD,1.3409
2022-05-21,AUD,1.4535
2022-05-21,EUR,0.896
2022-05-21,GBP,0.785
2022-05-22,USD,1.0
2022-05-22,CAD,1.3385
2022-05-22,AUD,1.4521
2022-05-22,EUR,0.8952
2022-05-22,GBP,0.7903
2022-05-23,USD,1.0
2022-05-23,CAD,1.3466
2022-05-23,AUD,1.4543
2022-05-23,EUR,0.8977
2022-05-23,GBP,0.7909
2022-05-24,USD,1.0
2022-05-24,CAD,1.3456
2022-05-24,AUD,1.4486
2022-05-24,EUR,0.8939
2022-05-24,GBP,0.7895
2022-05-25,USD,1.0
2022-05-25,CAD,1.3456
2022-05-25,AUD,1.4486
2022-05-25,EUR,0.8939
2022-05-25,GBP,0.7895
2022-05-26,USD,1.0
2022-05-26,CAD,1.3456
2022-05-26,AUD,1.4486
2022-05-26,EUR,0.8939
2022-05-26,GBP,0.7895
2022-05-27,USD,1.0
2022-05-27,CAD,1.345
2022-05-27,AUD,1.4438
2022-05-27,EUR,0.893
2022-05-27,GBP,0.7879
2022-05-28,USD,1.0
2022-05-28,CAD,1.3466
2022-05-28,AUD,1.4441
2022-05-28,EUR,0.8935
2022-05-28,GBP,0.7896
2022-05-29,USD,1.0
2022-05-29,CAD,1.3504
2022-05-29,AUD,1.4446
2022-05-29,EUR,0.8964
2022-05-29,GBP,0.7908
2022-05-30,USD,1.0
2022-05-30,CAD,1.3498
2022-05-30,AUD,1.4458
2022-05-30,EUR,0.8981
2022-05-30,GBP,0.792
2022-05-31,USD,1.0
2022-05-31,CAD,1.3555
2022-05-31,AUD,1.447
2022-05-31,EUR,0.8968
2022-05-31,GBP,0.7954
2022-06-01,USD,1.0
2022-06-01,CAD,1.3555
2022-06-01,AUD,1.447
2022-06-01,EUR,0.8968
2022-06-01,GBP,0.7954
2022-06-02,USD,1.0
2022-06-02,CAD,1.3555
2022-06-02,AUD,1.447
2022-06-02,EUR,0.8968
2022-06-02,GBP,0.7954
2022-06-03,USD,1.0
2022-06-03,CAD,1.3498
2022-06-03,AUD,1.4374
2022-06-03,EUR,0.8941
2022-06-03,GBP,0.7923
2022-06-04,USD,1.0
2022-06-04,CAD,1.3439
2022-06-04,AUD,1.4333
2022-06-04,EUR,0.8894
2022-06-04,GBP,0.7892
2022-06-05,USD,1.0
2022-06-05,CAD,1.3387
2022-06-05,AUD,1.4315
2022-06-05,EUR,0.8883
2022-06-05,GBP,0.7873
2022-06-06,USD,1.0
2022-06-06,CAD,1.34
2022-06-06,AUD,1.4319
2022-06-06,EUR,0.8876
2022-06-06,GBP,0.7861
2022-06-07,USD,1.0
2022-06-07,CAD,1.336
2022-06-07,AUD,1.4347
2022-06-07,EUR,0.8871
2022-06-07,GBP,0.7866
2022-06-08,USD,1.0
2022-06-08,CAD,1.336
2022-06-08,AUD,1.4347
2022-06-08,EUR,0.8871
2022-06-08,GBP,0.7866
2022-06-09,USD,1.0
2022-06-09,CAD,1.336
2022-06-09,AUD,1.4347
2022-06-09,EUR,0.8871
2022-06-09,GBP,0.7866
2022-06-10,USD,1.0
2022-06-10,CAD,1.3277
2022-06-10,AUD,1.4366
2022-06-10,EUR,0.8849
2022-06-10,GBP,0.7897
2022-06-11,USD,1.0
2022-06-11,CAD,1.3253
2022-06-11,AUD,1.4375
2022-06-11,EUR,0.8834
2022-06-11,GBP,0.787
2022-06-12,USD,1.0
2022-06-12,CAD,1.3299
2022-06-12,AUD,1.4388
2022-06-12,EUR,0.8832
2022-06-12,GBP,0.7843
2022-06-13,USD,1.0
2022-06-13,CAD,1.3306
2022-06-13,AUD,1.4471
2022-06-13,EUR,0.8858
2022-06-13,GBP,0.7879
2022-06-14,USD,1.0
2022-06-14,CAD,1.3332
2022-06-14,AUD,1.4491
2022-06-14,EUR,0.8877
2022-06-14,GBP,0.7909
2022-06-15,USD,1.0
2022-06-15,CAD,1.3332
2022-06-15,AUD,1.4491
2022-06-15,EUR,0.8877
2022-06-15,GBP,0.7909
2022-06-16,USD,1.0
2022-06-16,CAD,1.3332
2022-06-16,AUD,1.4491
2022-06-16,EUR,0.8877
2022-06-16,GBP,0.7909
2022-06-17,USD,1.0
2022-06-17,CAD,1.3414
2022-06-17,AUD,1.4558
2022-06-17,EUR,0.8902
2022-06-17,GBP,0.7941
2022-06-18,USD,1.0
2022-06-18,CAD,1.3423
2022-06-18,AUD,1.4614
2022-06-18,EUR,0.8939
2022-06-18,GBP,0.7992
2022-06-19,USD,1.0
2022-06-19,CAD,1.3376
2022-06-19,AUD,1.4547
2022-06-19,EUR,0.8923
2022-06-19,GBP,0.7943
2022-06-20,USD,1.0
2022-06-20,CAD,1.3165
2022-06-20,AUD,1.4436
2022-06-20,EUR,0.8844
2022-06-20,GBP,0.7885
2022-06-21,USD,1.0
2022-06-21,CAD,1.3192
2022-06-21,AUD,1.448
2022-06-21,EUR,0.8837
2022-06-21,GBP,0.7903
2022-06-22,USD,1.0
2022-06-22,CAD,1.3192
2022-06-22,AUD,1.448
2022-06-22,EUR,0.8837
2022-06-22,GBP,0.7903
2022-06-23,USD,1.0
2022-06-23,CAD,1.3192
2022-06-23,AUD,1.448
2022-06-23,EUR,0.8837
2022-06-23,GBP,0.7903
2022-06-24,USD,1.0
2022-06-24,CAD,1.3191
2022-06-24,AUD,1.438
2022-06-24,EUR,0.8777
2022-06-24,GBP,0.7843
2022-06-25,USD,1.0
2022-06-25,CAD,1.3173
2022-06-25,AUD,1.4349
2022-06-25,EUR,0.8781
2022-06-25,GBP,0.7858
2022-06-26,USD,1.0
2022-06-26,CAD,1.3155
2022-06-26,AUD,1.4326
2022-06-26,EUR,0.8801
2022-06-26,GBP,0.7886
2022-06-27,USD,1.0
2022-06-27,CAD,1.3129
2022-06-27,AUD,1.4293
2022-06-27,EUR,0.8795
2022-06-27,GBP,0.7865
2022-06-28,USD,1.0
2022-06-28,CAD,1.3087
2022-06-28,AUD,1.4274
2022-06-28,EUR,0.8787
2022-06-28,GBP,0.7878
2022-06-29,USD,1.0
2022-06-29,CAD,1.3087
2022-06-29,AUD,1.4274
2022-06-29,EUR,0.8787
2022-06-29,GBP,0.7878
2022-06-30,USD,1.0
2022-06-30,CAD,1.3087
2022-06-30,AUD,1.4274
2022-06-30,EUR,0.8787
2022-06-30,GBP,0.7878
2022-07-01,USD,1.0
2022-07-01,CAD,1.3099
2022-07-01,AUD,1.4297
2022-07-01,EUR,0.8811
2022-07-01,GBP,0.7905
2022-07-02,USD,1.0
2022-07-02,CAD,1.3113
2022-07-02,AUD,1.4295
2022-07-02,EUR,0.8849
2022-07-02,GBP,0.7915
2022-07-03,USD,1.0
2022-07-03,CAD,1.31
2022-07-03,AUD,1.425
2022-07-03,EUR,0.8855
2022-07-03,GBP,0.7947
2022-07-04,USD,1.0
2022-07-04,CAD,1.3066
2022-07-04,AUD,1.4242
2022-07-04,EUR,0.8859
2022-07-04,GBP,0.7949
2022-07-05,USD,1.0
2022-07-05,CAD,1.3066
2022-07-05,AUD,1.426
2022-07-05,EUR,0.8881
2022-07-05,GBP,0.7967
2022-07-06,USD,1.0
2022-07-06,CAD,1.3066
2022-07-06,AUD,1.426
2022-07-06,EUR,0.8881
2022-07-06,GBP,0.7967
2022-07-07,USD,1.0
2022-07-07,CAD,1.3066
2022-07-07,AUD,1.426
2022-07-07,EUR,0.8881
2022-07-07,GBP,0.7967
2022-07-08,USD,1.0
2022-07-08,CAD,1.3056
2022-07-08,AUD,1.4318
2022-07-08,EUR,0.8917
2022-07-08,GBP,0.7992
2022-07-09,USD,1.0
2022-07-09,CAD,1.3124
2022-07-09,AUD,1.4426
2022-07-09,EUR,0.8925
2022-07-09,GBP,0.803
2022-07-10,USD,1.0
2022-07-10,CAD,1.3113
2022-07-10,AUD,1.4447
2022-07-10,EUR,0.8913
2022-07-10,GBP,0.8015
2022-07-11,USD,1.0
2022-07-11,CAD,1.3057
2022-07-11,AUD,1.4315
2022-07-11,EUR,0.8861
2022-07-11,GBP,0.7957
2022-07-12,USD,1.0
2022-07-12,CAD,1.3034
2022-07-12,AUD,1.4309
2022-07-12,EUR,0.8887
2022-07-12,GBP,0.7979
2022-07-13,USD,1.0
2022-07-13,CAD,1.3034
2022-07-13,AUD,1.4309
2022-07-13,EUR,0.8887
2022-07-13,GBP,0.7979
2022-07-14,USD,1.0
2022-07-14,CAD,1.3034
2022-07-14,AUD,1.4309
2022-07-14,EUR,0.8887
2022-07-14,GBP,0.7979
2022-07-15,USD,1.0
2022-07-15,CAD,1.303
2022-07-15,AUD,1.4219
2022-07-15,EUR,0.8874
2022-07-15,GBP,0.7975
2022-07-16,USD,1.0
2022-07-16,CAD,1.3047
2022-07-16,AUD,1.4216
2022-07-16,EUR,0.891
2022-07-16,GBP,0.8042
2022-07-17,USD,1.0
2022-07-17,CAD,1.3066
2022-07-17,AUD,1.4275
2022-07-17,EUR,0.8917
2022-07-17,GBP,0.8055
2022-07-18,USD,1.0
2022-07-18,CAD,1.3062
2022-07-18,AUD,1.4215
2022-07-18,EUR,0.8916
2022-07-18,GBP,0.8011
2022-07-19,USD,1.0
2022-07-19,CAD,1.3055
2022-07-19,AUD,1.4175
2022-07-19,EUR,0.8908
2022-07-19,GBP,0.7985
2022-07-20,USD,1.0
2022-07-20,CAD,1.3055
2022-07-20,AUD,1.4175
2022-07-20,EUR,0.8908
2022-07-20,GBP,0.7985
2022-07-21,USD,1.0
2022-07-21,CAD,1.3055
2022-07-21,AUD,1.4175
2022-07-21,EUR,0.8908
2022-07-21,GBP,0.7985
2022-07-22,USD,1.0
2022-07-22,CAD,1.3076
2022-07-22,AUD,1.4188
2022-07-22,EUR,0.8917
2022-07-22,GBP,0.8022
2022-07-23,USD,1.0
2022-07-23,CAD,1.3149
2022-07-23,AUD,1.4229
2022-07-23,EUR,0.895
2022-07-23,GBP,0.804
2022-07-24,USD,1.0
2022-07-24,CAD,1.313
2022-07-24,AUD,1.4327
2022-07-24,EUR,0.8977
2022-07-24,GBP,0.8002
2022-07-25,USD,1.0
2022-07-25,CAD,1.3127
2022-07-25,AUD,1.4344
2022-07-25,EUR,0.8997
2022-07-25,GBP,0.8004
2022-07-26,USD,1.0
2022-07-26,CAD,1.318
2022-07-26,AUD,1.4439
2022-07-26,EUR,0.8978
2022-07-26,GBP,0.8047
2022-07-27,USD,1.0
2022-07-27,CAD,1.318
2022-07-27,AUD,1.4439
2022-07-27,EUR,0.8978
2022-07-27,GBP,0.8047
2022-07-28,USD,1.0
2022-07-28,CAD,1.318
2022-07-28,AUD,1.4439
2022-07-28,EUR,0.8978
2022-07-28,GBP,0.8047
2022-07-29,USD,1.0
2022-07-29,CAD,1.3171
2022-07-29,AUD,1.4489
2022-07-29,EUR,0.8994
2022-07-29,GBP,0.8134
2022-07-30,USD,1.0
2022-07-30,CAD,1.3171
2022-07-30,AUD,1.4514
2022-07-30,EUR,0.8965
2022-07-30,GBP,0.8217
2022-07-31,USD,1.0
2022-07-31,CAD,1.3149
2022-07-31,AUD,1.4505
2022-07-31,EUR,0.8968
2022-07-31,GBP,0.8217
2022-08-01,USD,1.0
2022-08-01,CAD,1.323
2022-08-01,AUD,1.4619
2022-08-01,EUR,0.906
2022-08-01,GBP,0.8259
2022-08-02,USD,1.0
2022-08-02,CAD,1.3234
2022-08-02,AUD,1.4735
2022-08-02,EUR,0.9004
2022-08-02,GBP,0.8239
2022-08-03,USD,1.0
2022-08-03,CAD,1.3234
2022-08-03,AUD,1.4735
2022-08-03,EUR,0.9004
2022-08-03,GBP,0.8239
2022-08-04,USD,1.0
2022-08-04,CAD,1.3234
2022-08-04,AUD,1.4735
2022-08-04,EUR,0.9004
2022-08-04,GBP,0.8239
2022-08-05,USD,1.0
2022-08-05,CAD,1.3213
2022-08-05,AUD,1.4774
2022-08-05,EUR,0.8943
2022-08-05,GBP,0.8217
2022-08-06,USD,1.0
2022-08-06,CAD,1.3216
2022-08-06,AUD,1.472
2022-08-06,EUR,0.8939
2022-08-06,GBP,0.8209
2022-08-07,USD,1.0
2022-08-07,CAD,1.3319
2022-08-07,AUD,1.4844
2022-08-07,EUR,0.8927
2022-08-07,GBP,0.8244
2022-08-08,USD,1.0
2022-08-08,CAD,1.3289
2022-08-08,AUD,1.4726
2022-08-08,EUR,0.8934
2022-08-08,GBP,0.823
2022-08-09,USD,1.0
2022-08-09,CAD,1.3213
2022-08-09,AUD,1.4692
2022-08-09,EUR,0.893
2022-08-09,GBP,0.8289
2022-08-10,USD,1.0
2022-08-10,CAD,1.3213
2022-08-10,AUD,1.4692
2022-08-10,EUR,0.893
2022-08-10,GBP,0.8289
2022-08-11,USD,1.0
2022-08-11,CAD,1.3213
2022-08-11,AUD,1.4692
2022-08-11,EUR,0.893
2022-08-11,GBP,0.8289
2022-08-12,USD,1.0
2022-08-12,CAD,1.3228
2022-08-12,AUD,1.482
2022-08-12,EUR,0.8933
2022-08-12,GBP,0.8274
2022-08-13,USD,1.0
2022-08-13,CAD,1.3268
2022-08-13,AUD,1.4783
2022-08-13,EUR,0.8911
2022-08-13,GBP,0.8272
2022-08-14,USD,1.0
2022-08-14,CAD,1.3293
2022-08-14,AUD,1.4819
2022-08-14,EUR,0.8938
2022-08-14,GBP,0.8283
2022-08-15,USD,1.0
2022-08-15,CAD,1.331
2022-08-15,AUD,1.4746
2022-08-15,EUR,0.8969
2022-08-15,GBP,0.8239
2022-08-16,USD,1.0
2022-08-16,CAD,1.3299
2022-08-16,AUD,1.4735
2022-08-16,EUR,0.9029
2022-08-16,GBP,0.8219
2022-08-17,USD,1.0
2022-08-17,CAD,1.3299
2022-08-17,AUD,1.4735
2022-08-17,EUR,0.9029
2022-08-17,GBP,0.8219
2022-08-18,USD,1.0
2022-08-18,CAD,1.3299
2022-08-18,AUD,1.4735
2022-08-18,EUR,0.9029
2022-08-18,GBP,0.8219
2022-08-19,USD,1.0
2022-08-19,CAD,1.3266
2022-08-19,AUD,1.4749
2022-08-19,EUR,0.9007
2022-08-19,GBP,0.8248
2022-08-20,USD,1.0
2022-08-20,CAD,1.3328
2022-08-20,AUD,1.4759
2022-08-20,EUR,0.9029
2022-08-20,GBP,0.8272
2022-08-21,USD,1.0
2022-08-21,CAD,1.3293
2022-08-21,AUD,1.4713
2022-08-21,EUR,0.9006
2022-08-21,GBP,0.8244
2022-08-22,USD,1.0
2022-08-22,CAD,1.3283
2022-08-22,AUD,1.4779
2022-08-22,EUR,0.9023
2022-08-22,GBP,0.8224
2022-08-23,USD,1.0
2022-08-23,CAD,1.3322
2022-08-23,AUD,1.4818
2022-08-23,EUR,0.9038
2022-08-23,GBP,0.8175
2022-08-24,USD,1.0
2022-08-24,CAD,1.3322
2022-08-24,AUD,1.4818
2022-08-24,EUR,0.9038
2022-08-24,GBP,0.8175
2022-08-25,USD,1.0
2022-08-25,CAD,1.3322
2022-08-25,AUD,1.4818
2022-08-25,EUR,0.9038
2022-08-25,GBP,0.8175
2022-08-26,USD,1.0
2022-08-26,CAD,1.3303
2022-08-26,AUD,1.478
2022-08-26,EUR,0.8996
2022-08-26,GBP,0.8169
2022-08-27,USD,1.0
2022-08-27,CAD,1.3229
2022-08-27,AUD,1.478
2022-08-27,EUR,0.9006
2022-08-27,GBP,0.8144
2022-08-28,USD,1.0
2022-08-28,CAD,1.3312
2022-08-28,AUD,1.4825
2022-08-28,EUR,0.9023
2022-08-28,GBP,0.8195
2022-08-29,USD,1.0
2022-08-29,CAD,1.3276
2022-08-29,AUD,1.4814
2022-08-29,EUR,0.9032
2022-08-29,GBP,0.8177
2022-08-30,USD,1.0
2022-08-30,CAD,1.3282
2022-08-30,AUD,1.4859
2022-08-30,EUR,0.9061
2022-08-30,GBP,0.8206
2022-08-31,USD,1.0
2022-08-31,CAD,1.3282
2022-08-31,AUD,1.4859
2022-08-31,EUR,0.9061
2022-08-31,GBP,0.8206
2022-09-01,USD,1.0
2022-09-01,CAD,1.3282
2022-09-01,AUD,1.4859
2022-09-01,EUR,0.9061
2022-09-01,GBP,0.8206
2022-09-02,USD,1.0
2022-09-02,CAD,1.3341
2022-09-02,AUD,1.4896
2022-09-02,EUR,0.9117
2022-09-02,GBP,0.828
2022-09-03,USD,1.0
2022-09-03,CAD,1.3374
2022-09-03,AUD,1.4855
2022-09-03,EUR,0.9143
2022-09-03,GBP,0.831
2022-09-04,USD,1.0
2022-09-04,CAD,1.3323
2022-09-04,AUD,1.4726
2022-09-04,EUR,0.9076
2022-09-04,GBP,0.8192
2022-09-05,USD,1.0
2022-09-05,CAD,1.3205
2022-09-05,AUD,1.4659
2022-09-05,EUR,0.9043
2022-09-05,GBP,0.8101
2022-09-06,USD,1.0
2022-09-06,CAD,1.3225
2022-09-06,AUD,1.4632
2022-09-06,EUR,0.9069
2022-09-06,GBP,0.8129
2022-09-07,USD,1.0
2022-09-07,CAD,1.3225
2022-09-07,AUD,1.4632
2022-09-07,EUR,0.9069
2022-09-07,GBP,0.8129
2022-09-08,USD,1.0
2022-09-08,CAD,1.3225
2022-09-08,AUD,1.4632
2022-09-08,EUR,0.9069
2022-09-08,GBP,0.8129
2022-09-09,USD,1.0
2022-09-09,CAD,1.3156
2022-09-09,AUD,1.4562
2022-09-09,EUR,0.9064
2022-09-09,GBP,0.8092
2022-09-10,USD,1.0
2022-09-10,CAD,1.3167
2022-09-10,AUD,1.4586
2022-09-10,EUR,0.9058
2022-09-10,GBP,0.8089
2022-09-11,USD,1.0
2022-09-11,CAD,1.3149
2022-09-11,AUD,1.4561
2022-09-11,EUR,0.9088
2022-09-11,GBP,0.8101
2022-09-12,USD,1.0
2022-09-12,CAD,1.3197
2022-09-12,AUD,1.4543
2022-09-12,EUR,0.9122
2022-09-12,GBP,0.8111
2022-09-13,USD,1.0
2022-09-13,CAD,1.3215
2022-09-13,AUD,1.4533
2022-09-13,EUR,0.9012
2022-09-13,GBP,0.8029
2022-09-14,USD,1.0
2022-09-14,CAD,1.3215
2022-09-14,AUD,1.4533
2022-09-14,EUR,0.9012
2022-09-14,GBP,0.8029
2022-09-15,USD,1.0
2022-09-15,CAD,1.3215
2022-09-15,AUD,1.4533
2022-09-15,EUR,0.9012
2022-09-15,GBP,0.8029
2022-09-16,USD,1.0
2022-09-16,CAD,1.3253
2022-09-16,AUD,1.4554
2022-09-16,EUR,0.9065
2022-09-16,GBP,0.8024
2022-09-17,USD,1.0
2022-09-17,CAD,1.326
2022-09-17,AUD,1.4622
2022-09-17,EUR,0.9069
2022-09-17,GBP,0.8055
2022-09-18,USD,1.0
2022-09-18,CAD,1.325
2022-09-18,AUD,1.4611
2022-09-18,EUR,0.9047
2022-09-18,GBP,0.8027
2022-09-19,USD,1.0
2022-09-19,CAD,1.327
2022-09-19,AUD,1.472
2022-09-19,EUR,0.9036
2022-09-19,GBP,0.8018
2022-09-20,USD,1.0
2022-09-20,CAD,1.3269
2022-09-20,AUD,1.4726
2022-09-20,EUR,0.9066
2022-09-20,GBP,0.7999
2022-09-21,USD,1.0
2022-09-21,CAD,1.3269
2022-09-21,AUD,1.4726
2022-09-21,EUR,0.9066
2022-09-21,GBP,0.7999
2022-09-22,USD,1.0
2022-09-22,CAD,1.3269
2022-09-22,AUD,1.4726
2022-09-22,EUR,0.9066
2022-09-22,GBP,0.7999
2022-09-23,USD,1.0
2022-09-23,CAD,1.3278
2022-09-23,AUD,1.4769
2022-09-23,EUR,0.9103
2022-09-23,GBP,0.8042
2022-09-24,USD,1.0
2022-09-24,CAD,1.3256
2022-09-24,AUD,1.4713
2022-09-24,EUR,0.9088
2022-09-24,GBP,0.8012
2022-09-25,USD,1.0
2022-09-25,CAD,1.3276
2022-09-25,AUD,1.4784
2022-09-25,EUR,0.9106
2022-09-25,GBP,0.8074
2022-09-26,USD,1.0
2022-09-26,CAD,1.324
2022-09-26,AUD,1.4776
2022-09-26,EUR,0.9142
2022-09-26,GBP,0.8092
2022-09-27,USD,1.0
2022-09-27,CAD,1.3254
2022-09-27,AUD,1.4803
2022-09-27,EUR,0.9145
2022-09-27,GBP,0.8119
2022-09-28,USD,1.0
2022-09-28,CAD,1.3254
2022-09-28,AUD,1.4803
2022-09-28,EUR,0.9145
2022-09-28,GBP,0.8119
2022-09-29,USD,1.0
2022-09-29,CAD,1.3254
2022-09-29,AUD,1.4803
2022-09-29,EUR,0.9145
2022-09-29,GBP,0.8119
2022-09-30,USD,1.0
2022-09-30,CAD,1.3248
2022-09-30,AUD,1.4809
2022-09-30,EUR,0.9184
2022-09-30,GBP,0.8134
2022-10-01,USD,1.0
2022-10-01,CAD,1.3274
2022-10-01,AUD,1.4933
2022-10-01,EUR,0.9176
2022-10-01,GBP,0.8163
2022-10-02,USD,1.0
2022-10-02,CAD,1.3242
2022-10-02,AUD,1.4967
2022-10-02,EUR,0.9153
2022-10-02,GBP,0.8144
2022-10-03,USD,1.0
2022-10-03,CAD,1.3338
2022-10-03,AUD,1.4879
2022-10-03,EUR,0.9132
2022-10-03,GBP,0.8108
2022-10-04,USD,1.0
2022-10-04,CAD,1.3309
2022-10-04,AUD,1.4798
2022-10-04,EUR,0.9108
2022-10-04,GBP,0.811
2022-10-05,USD,1.0
2022-10-05,CAD,1.3309
2022-10-05,AUD,1.4798
2022-10-05,EUR,0.9108
2022-10-05,GBP,0.811
2022-10-06,USD,1.0
2022-10-06,CAD,1.3309
2022-10-06,AUD,1.4798
2022-10-06,EUR,0.9108
2022-10-06,GBP,0.811
2022-10-07,USD,1.0
2022-10-07,CAD,1.3311
2022-10-07,AUD,1.4842
2022-10-07,EUR,0.9097
2022-10-07,GBP,0.811
2022-10-08,USD,1.0
2022-10-08,CAD,1.3311
2022-10-08,AUD,1.4824
2022-10-08,EUR,0.9102
2022-10-08,GBP,0.8174
2022-10-09,USD,1.0
2022-10-09,CAD,1.3302
2022-10-09,AUD,1.4827
2022-10-09,EUR,0.9107
2022-10-09,GBP,0.8182
2022-10-10,USD,1.0
2022-10-10,CAD,1.3307
2022-10-10,AUD,1.4784
2022-10-10,EUR,0.9066
2022-10-10,GBP,0.8174
2022-10-11,USD,1.0
2022-10-11,CAD,1.3293
2022-10-11,AUD,1.4712
2022-10-11,EUR,0.9056
2022-10-11,GBP,0.7925
2022-10-12,USD,1.0
2022-10-12,CAD,1.3293
2022-10-12,AUD,1.4712
2022-10-12,EUR,0.9056
2022-10-12,GBP,0.7925
2022-10-13,USD,1.0
2022-10-13,CAD,1.3293
2022-10-13,AUD,1.4712
2022-10-13,EUR,0.9056
2022-10-13,GBP,0.7925
2022-10-14,USD,1.0
2022-10-14,CAD,1.3214
2022-10-14,AUD,1.4799
2022-10-14,EUR,0.9065
2022-10-14,GBP,0.7976
2022-10-15,USD,1.0
2022-10-15,CAD,1.323
2022-10-15,AUD,1.4802
2022-10-15,EUR,0.9085
2022-10-15,GBP,0.7909
2022-10-16,USD,1.0
2022-10-16,CAD,1.3209
2022-10-16,AUD,1.487
2022-10-16,EUR,0.907
2022-10-16,GBP,0.7851
2022-10-17,USD,1.0
2022-10-17,CAD,1.3177
2022-10-17,AUD,1.4662
2022-10-17,EUR,0.8998
2022-10-17,GBP,0.7814
2022-10-18,USD,1.0
2022-10-18,CAD,1.3136
2022-10-18,AUD,1.4607
2022-10-18,EUR,0.8973
2022-10-18,GBP,0.7756
2022-10-19,USD,1.0
2022-10-19,CAD,1.3136
2022-10-19,AUD,1.4607
2022-10-19,EUR,0.8973
2022-10-19,GBP,0.7756
2022-10-20,USD,1.0
2022-10-20,CAD,1.3136
2022-10-20,AUD,1.4607
2022-10-20,EUR,0.8973
2022-10-20,GBP,0.7756
2022-10-21,USD,1.0
2022-10-21,CAD,1.3106
2022-10-21,AUD,1.4535
2022-10-21,EUR,0.895
2022-10-21,GBP,0.7691
2022-10-22,USD,1.0
2022-10-22,CAD,1.3101
2022-10-22,AUD,1.4588
2022-10-22,EUR,0.8985
2022-10-22,GBP,0.7733
2022-10-23,USD,1.0
2022-10-23,CAD,1.3088
2022-10-23,AUD,1.4611
2022-10-23,EUR,0.899
2022-10-23,GBP,0.7768
2022-10-24,USD,1.0
2022-10-24,CAD,1.3071
2022-10-24,AUD,1.4623
2022-10-24,EUR,0.8986
2022-10-24,GBP,0.7754
2022-10-25,USD,1.0
2022-10-25,CAD,1.3065
2022-10-25,AUD,1.4648
2022-10-25,EUR,0.9003
2022-10-25,GBP,0.7797
2022-10-26,USD,1.0
2022-10-26,CAD,1.3065
2022-10-26,AUD,1.4648
2022-10-26,EUR,0.9003
2022-10-26,GBP,0.7797
2022-10-27,USD,1.0
2022-10-27,CAD,1.3065
2022-10-27,AUD,1.4648
2022-10-27,EUR,0.9003
2022-10-27,GBP,0.7797
2022-10-28,USD,1.0
2022-10-28,CAD,1.3067
2022-10-28,AUD,1.4652
2022-10-28,EUR,0.902
2022-10-28,GBP,0.7786
2022-10-29,USD,1.0
2022-10-29,CAD,1.3056
2022-10-29,AUD,1.4589
2022-10-29,EUR,0.9013
2022-10-29,GBP,0.7781
2022-10-30,USD,1.0
2022-10-30,CAD,1.3087
2022-10-30,AUD,1.4586
2022-10-30,EUR,0.9004
2022-10-30,GBP,0.7762
2022-10-31,USD,1.0
2022-10-31,CAD,1.3155
2022-10-31,AUD,1.4467
2022-10-31,EUR,0.8965
2022-10-31,GBP,0.7722
2022-11-01,USD,1.0
2022-11-01,CAD,1.3181
2022-11-01,AUD,1.45
2022-11-01,EUR,0.8977
2022-11-01,GBP,0.7721
2022-11-02,USD,1.0
2022-11-02,CAD,1.3181
2022-11-02,AUD,1.45
2022-11-02,EUR,0.8977
2022-11-02,GBP,0.7721
2022-11-03,USD,1.0
2022-11-03,CAD,1.3181
2022-11-03,AUD,1.45
2022-11-03,EUR,0.8977
2022-11-03,GBP,0.7721
2022-11-04,USD,1.0
2022-11-04,CAD,1.3156
2022-11-04,AUD,1.4481
2022-11-04,EUR,0.8962
2022-11-04,GBP,0.774
2022-11-05,USD,1.0
2022-11-05,CAD,1.3128
2022-11-05,AUD,1.4474
2022-11-05,EUR,0.9002
2022-11-05,GBP,0.7752
2022-11-06,USD,1.0
2022-11-06,CAD,1.3164
2022-11-06,AUD,1.4491
2022-11-06,EUR,0.9017
2022-11-06,GBP,0.7758
2022-11-07,USD,1.0
2022-11-07,CAD,1.3167
2022-11-07,AUD,1.4498
2022-11-07,EUR,0.9028
2022-11-07,GBP,0.7804
2022-11-08,USD,1.0
2022-11-08,CAD,1.3196
2022-11-08,AUD,1.456
2022-11-08,EUR,0.9063
2022-11-08,GBP,0.7808
2022-11-09,USD,1.0
2022-11-09,CAD,1.3196
2022-11-09,AUD,1.456
2022-11-09,EUR,0.9063
2022-11-09,GBP,0.7808
2022-11-10,USD,1.0
2022-11-10,CAD,1.3196
2022-11-10,AUD,1.456
2022-11-10,EUR,0.9063
2022-11-10,GBP,0.7808
2022-11-11,USD,1.0
2022-11-11,CAD,1.323
2022-11-11,AUD,1.4587
2022-11-11,EUR,0.9057
2022-11-11,GBP,0.7766
2022-11-12,USD,1.0
2022-11-12,CAD,1.3244
2022-11-12,AUD,1.4605
2022-11-12,EUR,0.9079
2022-11-12,GBP,0.7791
2022-11-13,USD,1.0
2022-11-13,CAD,1.3258
2022-11-13,AUD,1.4653
2022-11-13,EUR,0.9086
2022-11-13,GBP,0.7792
2022-11-14,USD,1.0
2022-11-14,CAD,1.3265
2022-11-14,AUD,1.4743
2022-11-14,EUR,0.9093
2022-11-14,GBP,0.7788
2022-11-15,USD,1.0
2022-11-15,CAD,1.3239
2022-11-15,AUD,1.4701
2022-11-15,EUR,0.9063
2022-11-15,GBP,0.7763
2022-11-16,USD,1.0
2022-11-16,CAD,1.3239
2022-11-16,AUD,1.4701
2022-11-16,EUR,0.9063
2022-11-16,GBP,0.7763
2022-11-17,USD,1.0
2022-11-17,CAD,1.3239
2022-11-17,AUD,1.4701
2022-11-17,EUR,0.9063
2022-11-17,GBP,0.7763
2022-11-18,USD,1.0
2022-11-18,CAD,1.3219
2022-11-18,AUD,1.4684
2022-11-18,EUR,0.9041
2022-11-18,GBP,0.7714
2022-11-19,USD,1.0
2022-11-19,CAD,1.321
2022-11-19,AUD,1.4656
2022-11-19,EUR,0.9028
2022-11-19,GBP,0.7725
2022-11-20,USD,1.0
2022-11-20,CAD,1.3302
2022-11-20,AUD,1.4673
2022-11-20,EUR,0.9042
2022-11-20,GBP,0.7751
2022-11-21,USD,1.0
2022-11-21,CAD,1.3307
2022-11-21,AUD,1.468
2022-11-21,EUR,0.9016
2022-11-21,GBP,0.7713
2022-11-22,USD,1.0
2022-11-22,CAD,1.3275
2022-11-22,AUD,1.4729
2022-11-22,EUR,0.9043
2022-11-22,GBP,0.7775
2022-11-23,USD,1.0
2022-11-23,CAD,1.3275
2022-11-23,AUD,1.4729
2022-11-23,EUR,0.9043
2022-11-23,GBP,0.7775
2022-11-24,USD,1.0
2022-11-24,CAD,1.3275
2022-11-24,AUD,1.4729
2022-11-24,EUR,0.9043
2022-11-24,GBP,0.7775
2022-11-25,USD,1.0
2022-11-25,CAD,1.3307
2022-11-25,AUD,1.4746
2022-11-25,EUR,0.9084
2022-11-25,GBP,0.7768
2022-11-26,USD,1.0
2022-11-26,CAD,1.3306
2022-11-26,AUD,1.4747
2022-11-26,EUR,0.9074
2022-11-26,GBP,0.7778
2022-11-27,USD,1.0
2022-11-27,CAD,1.3266
2022-11-27,AUD,1.4733
2022-11-27,EUR,0.9083
2022-11-27,GBP,0.7762
2022-11-28,USD,1.0
2022-11-28,CAD,1.3289
2022-11-28,AUD,1.4769
2022-11-28,EUR,0.9087
2022-11-28,GBP,0.774
2022-11-29,USD,1.0
2022-11-29,CAD,1.3307
2022-11-29,AUD,1.4777
2022-11-29,EUR,0.9106
2022-11-29,GBP,0.776
2022-11-30,USD,1.0
2022-11-30,CAD,1.3307
2022-11-30,AUD,1.4777
2022-11-30,EUR,0.9106
2022-11-30,GBP,0.776
2022-12-01,USD,1.0
2022-12-01,CAD,1.3307
2022-12-01,AUD,1.4777
2022-12-01,EUR,0.9106
2022-12-01,GBP,0.776
2022-12-02,USD,1.0
2022-12-02,CAD,1.3296
2022-12-02,AUD,1.4733
2022-12-02,EUR,0.9072
2022-12-02,GBP,0.7731
2022-12-03,USD,1.0
2022-12-03,CAD,1.332
2022-12-03,AUD,1.462
2022-12-03,EUR,0.9033
2022-12-03,GBP,0.7696
2022-12-04,USD,1.0
2022-12-04,CAD,1.3272
2022-12-04,AUD,1.4622
2022-12-04,EUR,0.9024
2022-12-04,GBP,0.7636
2022-12-05,USD,1.0
2022-12-05,CAD,1.3169
2022-12-05,AUD,1.4648
2022-12-05,EUR,0.9014
2022-12-05,GBP,0.7614
2022-12-06,USD,1.0
2022-12-06,CAD,1.3176
2022-12-06,AUD,1.4593
2022-12-06,EUR,0.9014
2022-12-06,GBP,0.7612
2022-12-07,USD,1.0
2022-12-07,CAD,1.3176
2022-12-07,AUD,1.4593
2022-12-07,EUR,0.9014
2022-12-07,GBP,0.7612
2022-12-08,USD,1.0
2022-12-08,CAD,1.3176
2022-12-08,AUD,1.4593
2022-12-08,EUR,0.9014
2022-12-08,GBP,0.7612
2022-12-09,USD,1.0
2022-12-09,CAD,1.3251
2022-12-09,AUD,1.4653
2022-12-09,EUR,0.9029
2022-12-09,GBP,0.7602
2022-12-10,USD,1.0
2022-12-10,CAD,1.324
2022-12-10,AUD,1.4693
2022-12-10,EUR,0.9028
2022-12-10,GBP,0.759
2022-12-11,USD,1.0
2022-12-11,CAD,1.3238
2022-12-11,AUD,1.4622
2022-12-11,EUR,0.9029
2022-12-11,GBP,0.7607
2022-12-12,USD,1.0
2022-12-12,CAD,1.3178
2022-12-12,AUD,1.4515
2022-12-12,EUR,0.8979
2022-12-12,GBP,0.7593
2022-12-13,USD,1.0
2022-12-13,CAD,1.3166
2022-12-13,AUD,1.4461
2022-12-13,EUR,0.8949
2022-12-13,GBP,0.7473
2022-12-14,USD,1.0
2022-12-14,CAD,1.3166
2022-12-14,AUD,1.4461
2022-12-14,EUR,0.8949
2022-12-14,GBP,0.7473
2022-12-15,USD,1.0
2022-12-15,CAD,1.3166
2022-12-15,AUD,1.4461
2022-12-15,EUR,0.8949
2022-12-15,GBP,0.7473
2022-12-16,USD,1.0
2022-12-16,CAD,1.3118
2022-12-16,AUD,1.4514
2022-12-16,EUR,0.8972
2022-12-16,GBP,0.7484
2022-12-17,USD,1.0
2022-12-17,CAD,1.3161
2022-12-17,AUD,1.4598
2022-12-17,EUR,0.8959
2022-12-17,GBP,0.7593
2022-12-18,USD,1.0
2022-12-18,CAD,1.3157
2022-12-18,AUD,1.4599
2022-12-18,EUR,0.8997
2022-12-18,GBP,0.7652
2022-12-19,USD,1.0
2022-12-19,CAD,1.3122
2022-12-19,AUD,1.4561
2022-12-19,EUR,0.8995
2022-12-19,GBP,0.7653
2022-12-20,USD,1.0
2022-12-20,CAD,1.3138
2022-12-20,AUD,1.4498
2022-12-20,EUR,0.9011
2022-12-20,GBP,0.7672
2022-12-21,USD,1.0
2022-12-21,CAD,1.3138
2022-12-21,AUD,1.4498
2022-12-21,EUR,0.9011
2022-12-21,GBP,0.7672
2022-12-22,USD,1.0
2022-12-22,CAD,1.3138
2022-12-22,AUD,1.4498
2022-12-22,EUR,0.9011
2022-12-22,GBP,0.7672
2022-12-23,USD,1.0
2022-12-23,CAD,1.3162
2022-12-23,AUD,1.4454
2022-12-23,EUR,0.9029
2022-12-23,GBP,0.7739
2022-12-24,USD,1.0
2022-12-24,CAD,1.3161
2022-12-24,AUD,1.4458
2022-12-24,EUR,0.9025
2022-12-24,GBP,0.772
2022-12-25,USD,1.0
2022-12-25,CAD,1.3161
2022-12-25,AUD,1.4458
2022-12-25,EUR,0.9025
2022-12-25,GBP,0.772
2022-12-26,USD,1.0
2022-12-26,CAD,1.3161
2022-12-26,AUD,1.4458
2022-12-26,EUR,0.9025
2022-12-26,GBP,0.772
2022-12-27,USD,1.0
2022-12-27,CAD,1.3083
2022-12-27,AUD,1.4342
2022-12-27,EUR,0.8966
2022-12-27,GBP,0.7633
2022-12-28,USD,1.0
2022-12-28,CAD,1.3083
2022-12-28,AUD,1.4342
2022-12-28,EUR,0.8966
2022-12-28,GBP,0.7633
2022-12-29,USD,1.0
2022-12-29,CAD,1.3083
2022-12-29,AUD,1.4342
2022-12-29,EUR,0.8966
2022-12-29,GBP,0.7633
2022-12-30,USD,1.0
2022-12-30,CAD,1.3067
2022-12-30,AUD,1.4293
2022-12-30,EUR,0.8937
2022-12-30,GBP,0.7615
2022-12-31,USD,1.0
2022-12-31,CAD,1.2994
2022-12-31,AUD,1.4238
2022-12-31,EUR,0.8902
2022-12-31,GBP,0.7573
2023-01-01,USD,1.0
2023-01-01,CAD,1.2994
2023-01-01,AUD,1.4238
2023-01-01,EUR,0.8902
2023-01-01,GBP,0.7573
2023-01-02,USD,1.0
2023-01-02,CAD,1.2998
2023-01-02,AUD,1.43
2023-01-02,EUR,0.8934
2023-01-02,GBP,0.7579
2023-01-03,USD,1.0
2023-01-03,CAD,1.2982
2023-01-03,AUD,1.4381
2023-01-03,EUR,0.8971
2023-01-03,GBP,0.7636
2023-01-04,USD,1.0
2023-01-04,CAD,1.2982
2023-01-04,AUD,1.4381
2023-01-04,EUR,0.8971
2023-01-04,GBP,0.7636
2023-01-05,USD,1.0
2023-01-05,CAD,1.2982
2023-01-05,AUD,1.4381
2023-01-05,EUR,0.8971
2023-01-05,GBP,0.7636
2023-01-06,USD,1.0
2023-01-06,CAD,1.2976
2023-01-06,AUD,1.44
2023-01-06,EUR,0.8933
2023-01-06,GBP,0.7613
2023-01-07,USD,1.0
2023-01-07,CAD,1.2997
2023-01-07,AUD,1.4546
2023-01-07,EUR,0.8951
2023-01-07,GBP,0.7625
2023-01-08,USD,1.0
2023-01-08,CAD,1.3018
2023-01-08,AUD,1.457
2023-01-08,EUR,0.8997
2023-01-08,GBP,0.7635
2023-01-09,USD,1.0
2023-01-09,CAD,1.3056
2023-01-09,AUD,1.4575
2023-01-09,EUR,0.9001
2023-01-09,GBP,0.7676
2023-01-10,USD,1.0
2023-01-10,CAD,1.3072
2023-01-10,AUD,1.4545
2023-01-10,EUR,0.9016
2023-01-10,GBP,0.7647
2023-01-11,USD,1.0
2023-01-11,CAD,1.3072
2023-01-11,AUD,1.4545
2023-01-11,EUR,0.9016
2023-01-11,GBP,0.7647
2023-01-12,USD,1.0
2023-01-12,CAD,1.3072
2023-01-12,AUD,1.4545
2023-01-12,EUR,0.9016
2023-01-12,GBP,0.7647
2023-01-13,USD,1.0
2023-01-13,CAD,1.3045
2023-01-13,AUD,1.4486
2023-01-13,EUR,0.8988
2023-01-13,GBP,0.7708
2023-01-14,USD,1.0
2023-01-14,CAD,1.3071
2023-01-14,AUD,1.4494
2023-01-14,EUR,0.8997
2023-01-14,GBP,0.7703
2023-01-15,USD,1.0
2023-01-15,CAD,1.3072
2023-01-15,AUD,1.4529
2023-01-15,EUR,0.8975
2023-01-15,GBP,0.769
2023-01-16,USD,1.0
2023-01-16,CAD,1.3035
2023-01-16,AUD,1.4428
2023-01-16,EUR,0.8953
2023-01-16,GBP,0.7652
2023-01-17,USD,1.0
2023-01-17,CAD,1.3052
2023-01-17,AUD,1.4514
2023-01-17,EUR,0.9003
2023-01-17,GBP,0.7662
2023-01-18,USD,1.0
2023-01-18,CAD,1.3052
2023-01-18,AUD,1.4514
2023-01-18,EUR,0.9003
2023-01-18,GBP,0.7662
2023-01-19,USD,1.0
2023-01-19,CAD,1.3052
2023-01-19,AUD,1.4514
2023-01-19,EUR,0.9003
2023-01-19,GBP,0.7662
2023-01-20,USD,1.0
2023-01-20,CAD,1.3069
2023-01-20,AUD,1.4573
2023-01-20,EUR,0.9021
2023-01-20,GBP,0.7693
2023-01-21,USD,1.0
2023-01-21,CAD,1.3056
2023-01-21,AUD,1.4554
2023-01-21,EUR,0.8997
2023-01-21,GBP,0.765
2023-01-22,USD,1.0
2023-01-22,CAD,1.3046
2023-01-22,AUD,1.4596
2023-01-22,EUR,0.9019
2023-01-22,GBP,0.7616
2023-01-23,USD,1.0
2023-01-23,CAD,1.3163
2023-01-23,AUD,1.456
2023-01-23,EUR,0.9016
2023-01-23,GBP,0.7619
2023-01-24,USD,1.0
2023-01-24,CAD,1.3132
2023-01-24,AUD,1.4614
2023-01-24,EUR,0.9062
2023-01-24,GBP,0.7641
2023-01-25,USD,1.0
2023-01-25,CAD,1.3132
2023-01-25,AUD,1.4614
2023-01-25,EUR,0.9062
2023-01-25,GBP,0.7641
2023-01-26,USD,1.0
2023-01-26,CAD,1.3132
2023-01-26,AUD,1.4614
2023-01-26,EUR,0.9062
2023-01-26,GBP,0.7641
2023-01-27,USD,1.0
2023-01-27,CAD,1.3187
2023-01-27,AUD,1.4776
2023-01-27,EUR,0.907
2023-01-27,GBP,0.7652
2023-01-28,USD,1.0
2023-01-28,CAD,1.319
2023-01-28,AUD,1.4802
2023-01-28,EUR,0.9087
2023-01-28,GBP,0.7688
2023-01-29,USD,1.0
2023-01-29,CAD,1.3177
2023-01-29,AUD,1.4816
2023-01-29,EUR,0.909
2023-01-29,GBP,0.7688
2023-01-30,USD,1.0
2023-01-30,CAD,1.3217
2023-01-30,AUD,1.4881
2023-01-30,EUR,0.9067
2023-01-30,GBP,0.7633
2023-01-31,USD,1.0
2023-01-31,CAD,1.3235
2023-01-31,AUD,1.4924
2023-01-31,EUR,0.9048
2023-01-31,GBP,0.7616
2023-02-01,USD,1.0
2023-02-01,CAD,1.3235
2023-02-01,AUD,1.4924
2023-02-01,EUR,0.9048
2023-02-01,GBP,0.7616
2023-02-02,USD,1.0
2023-02-02,CAD,1.3235
2023-02-02,AUD,1.4924
2023-02-02,EUR,0.9048
2023-02-02,GBP,0.7616
2023-02-03,USD,1.0
2023-02-03,CAD,1.3236
2023-02-03,AUD,1.493
2023-02-03,EUR,0.9037
2023-02-03,GBP,0.7661
2023-02-04,USD,1.0
2023-02-04,CAD,1.3279
2023-02-04,AUD,1.488
2023-02-04,EUR,0.9051
2023-02-04,GBP,0.7683
2023-02-05,USD,1.0
2023-02-05,CAD,1.3285
2023-02-05,AUD,1.4786
2023-02-05,EUR,0.9072
2023-02-05,GBP,0.7661
2023-02-06,USD,1.0
2023-02-06,CAD,1.3278
2023-02-06,AUD,1.4798
2023-02-06,EUR,0.9088
2023-02-06,GBP,0.771
2023-02-07,USD,1.0
2023-02-07,CAD,1.3314
2023-02-07,AUD,1.4967
2023-02-07,EUR,0.9117
2023-02-07,GBP,0.7724
2023-02-08,USD,1.0
2023-02-08,CAD,1.3314
2023-02-08,AUD,1.4967
2023-02-08,EUR,0.9117
2023-02-08,GBP,0.7724
2023-02-09,USD,1.0
2023-02-09,CAD,1.3314
2023-02-09,AUD,1.4967
2023-02-09,EUR,0.9117
2023-02-09,GBP,0.7724
2023-02-10,USD,1.0
2023-02-10,CAD,1.3314
2023-02-10,AUD,1.4951
2023-02-10,EUR,0.9132
2023-02-10,GBP,0.7728
2023-02-11,USD,1.0
2023-02-11,CAD,1.3297
2023-02-11,AUD,1.4916
2023-02-11,EUR,0.9173
2023-02-11,GBP,0.7736
2023-02-12,USD,1.0
2023-02-12,CAD,1.3256
2023-02-12,AUD,1.482
2023-02-12,EUR,0.9163
2023-02-12,GBP,0.7702
2023-02-13,USD,1.0
2023-02-13,CAD,1.3257
2023-02-13,AUD,1.485
2023-02-13,EUR,0.9202
2023-02-13,GBP,0.7672
2023-02-14,USD,1.0
2023-02-14,CAD,1.3248
2023-02-14,AUD,1.4897
2023-02-14,EUR,0.9223
2023-02-14,GBP,0.7675
2023-02-15,USD,1.0
2023-02-15,CAD,1.3248
2023-02-15,AUD,1.4897
2023-02-15,EUR,0.9223
2023-02-15,GBP,0.7675
2023-02-16,USD,1.0
2023-02-16,CAD,1.3248
2023-02-16,AUD,1.4897
2023-02-16,EUR,0.9223
2023-02-16,GBP,0.7675
2023-02-17,USD,1.0
2023-02-17,CAD,1.3229
2023-02-17,AUD,1.4886
2023-02-17,EUR,0.9229
2023-02-17,GBP,0.7682
2023-02-18,USD,1.0
2023-02-18,CAD,1.3263
2023-02-18,AUD,1.4973
2023-02-18,EUR,0.9246
2023-02-18,GBP,0.7672
2023-02-19,USD,1.0
2023-02-19,CAD,1.3223
2023-02-19,AUD,1.4946
2023-02-19,EUR,0.9259
2023-02-19,GBP,0.7699
2023-02-20,USD,1.0
2023-02-20,CAD,1.3257
2023-02-20,AUD,1.5101
2023-02-20,EUR,0.9268
2023-02-20,GBP,0.777
2023-02-21,USD,1.0
2023-02-21,CAD,1.3258
2023-02-21,AUD,1.515
2023-02-21,EUR,0.9258
2023-02-21,GBP,0.7732
2023-02-22,USD,1.0
2023-02-22,CAD,1.3258
2023-02-22,AUD,1.515
2023-02-22,EUR,0.9258
2023-02-22,GBP,0.7732
2023-02-23,USD,1.0
2023-02-23,CAD,1.3258
2023-02-23,AUD,1.515
2023-02-23,EUR,0.9258
2023-02-23,GBP,0.7732
2023-02-24,USD,1.0
2023-02-24,CAD,1.3285
2023-02-24,AUD,1.5145
2023-02-24,EUR,0.9244
2023-02-24,GBP,0.7749
2023-02-25,USD,1.0
2023-02-25,CAD,1.3287
2023-02-25,AUD,1.5168
2023-02-25,EUR,0.9225
2023-02-25,GBP,0.7715
2023-02-26,USD,1.0
2023-02-26,CAD,1.3305
2023-02-26,AUD,1.5232
2023-02-26,EUR,0.9195
2023-02-26,GBP,0.7738
2023-02-27,USD,1.0
2023-02-27,CAD,1.3349
2023-02-27,AUD,1.5206
2023-02-27,EUR,0.9121
2023-02-27,GBP,0.7752
2023-02-28,USD,1.0
2023-02-28,CAD,1.3444
2023-02-28,AUD,1.5373
2023-02-28,EUR,0.911
2023-02-28,GBP,0.7772
2023-02-28,USD,1.0
2023-02-28,CAD,1.3444
2023-02-28,AUD,1.5373
2023-02-28,EUR,0.911
2023-02-28,GBP,0.7772
2023-03-01,USD,1.0
2023-03-01,CAD,1.3444
2023-03-01,AUD,1.5373
2023-03-01,EUR,0.911
2023-03-01,GBP,0.7772
2023-03-02,USD,1.0
2023-03-02,CAD,1.3358
2023-03-02,AUD,1.5283
2023-03-02,EUR,0.8991
2023-03-02,GBP,0.7832
2023-03-03,USD,1.0
2023-03-03,CAD,1.3364
2023-03-03,AUD,1.5212
2023-03-03,EUR,0.8995
2023-03-03,GBP,0.7827
2023-03-04,USD,1.0
2023-03-04,CAD,1.3359
2023-03-04,AUD,1.5096
2023-03-04,EUR,0.8989
2023-03-04,GBP,0.7807
2023-03-05,USD,1.0
2023-03-05,CAD,1.3427
2023-03-05,AUD,1.5122
2023-03-05,EUR,0.8939
2023-03-05,GBP,0.7747
2023-03-06,USD,1.0
2023-03-06,CAD,1.342
2023-03-06,AUD,1.5087
2023-03-06,EUR,0.8821
2023-03-06,GBP,0.7689
2023-03-07,USD,1.0
2023-03-07,CAD,1.342
2023-03-07,AUD,1.5087
2023-03-07,EUR,0.8821
2023-03-07,GBP,0.7689
2023-03-08,USD,1.0
2023-03-08,CAD,1.342
2023-03-08,AUD,1.5087
2023-03-08,EUR,0.8821
2023-03-08,GBP,0.7689
2023-03-09,USD,1.0
2023-03-09,CAD,1.3629
2023-03-09,AUD,1.5127
2023-03-09,EUR,0.8729
2023-03-09,GBP,0.7628
2023-03-10,USD,1.0
2023-03-10,CAD,1.3678
2023-03-10,AUD,1.5256
2023-03-10,EUR,0.878
2023-03-10,GBP,0.7672
2023-03-11,USD,1.0
2023-03-11,CAD,1.3743
2023-03-11,AUD,1.534
2023-03-11,EUR,0.8821
2023-03-11,GBP,0.7736
2023-03-12,USD,1.0
2023-03-12,CAD,1.3811
2023-03-12,AUD,1.5724
2023-03-12,EUR,0.8897
2023-03-12,GBP,0.7885
2023-03-13,USD,1.0
2023-03-13,CAD,1.3859
2023-03-13,AUD,1.5926
2023-03-13,EUR,0.9006
2023-03-13,GBP,0.8021
2023-03-14,USD,1.0
2023-03-14,CAD,1.3859
2023-03-14,AUD,1.5926
2023-03-14,EUR,0.9006
2023-03-14,GBP,0.8021
2023-03-15,USD,1.0
2023-03-15,CAD,1.3859
2023-03-15,AUD,1.5926
2023-03-15,EUR,0.9006
2023-03-15,GBP,0.8021
2023-03-16,USD,1.0
2023-03-16,CAD,1.3928
2023-03-16,AUD,1.6311
2023-03-16,EUR,0.8963
2023-03-16,GBP,0.8149
2023-03-17,USD,1.0
2023-03-17,CAD,1.4125
2023-03-17,AUD,1.6652
2023-03-17,EUR,0.9106
2023-03-17,GBP,0.827
2023-03-18,USD,1.0
2023-03-18,CAD,1.4404
2023-03-18,AUD,1.6982
2023-03-18,EUR,0.9146
2023-03-18,GBP,0.8431
2023-03-19,USD,1.0
2023-03-19,CAD,1.4464
2023-03-19,AUD,1.7253
2023-03-19,EUR,0.9258
2023-03-19,GBP,0.8609
2023-03-20,USD,1.0
2023-03-20,CAD,1.425
2023-03-20,AUD,1.7023
2023-03-20,EUR,0.934
2023-03-20,GBP,0.8502
2023-03-21,USD,1.0
2023-03-21,CAD,1.425
2023-03-21,AUD,1.7023
2023-03-21,EUR,0.934
2023-03-21,GBP,0.8502
2023-03-22,USD,1.0
2023-03-22,CAD,1.425
2023-03-22,AUD,1.7023
2023-03-22,EUR,0.934
2023-03-22,GBP,0.8502
2023-03-23,USD,1.0
2023-03-23,CAD,1.4384
2023-03-23,AUD,1.7236
2023-03-23,EUR,0.9274
2023-03-23,GBP,0.8622
2023-03-24,USD,1.0
2023-03-24,CAD,1.4494
2023-03-24,AUD,1.6891
2023-03-24,EUR,0.9223
2023-03-24,GBP,0.8494
2023-03-25,USD,1.0
2023-03-25,CAD,1.4352
2023-03-25,AUD,1.6619
2023-03-25,EUR,0.9236
2023-03-25,GBP,0.8451
2023-03-26,USD,1.0
2023-03-26,CAD,1.4084
2023-03-26,AUD,1.6539
2023-03-26,EUR,0.9107
2023-03-26,GBP,0.8319
2023-03-27,USD,1.0
2023-03-27,CAD,1.414
2023-03-27,AUD,1.6588
2023-03-27,EUR,0.911
2023-03-27,GBP,0.8176
2023-03-28,USD,1.0
2023-03-28,CAD,1.414
2023-03-28,AUD,1.6588
2023-03-28,EUR,0.911
2023-03-28,GBP,0.8176
2023-03-29,USD,1.0
2023-03-29,CAD,1.414
2023-03-29,AUD,1.6588
2023-03-29,EUR,0.911
2023-03-29,GBP,0.8176
2023-03-30,USD,1.0
2023-03-30,CAD,1.4162
2023-03-30,AUD,1.6332
2023-03-30,EUR,0.9063
2023-03-30,GBP,0.8057
2023-03-31,USD,1.0
2023-03-31,CAD,1.4254
2023-03-31,AUD,1.6399
2023-03-31,EUR,0.9127
2023-03-31,GBP,0.8091
2023-04-01,USD,1.0
2023-04-01,CAD,1.4266
2023-04-01,AUD,1.6508
2023-04-01,EUR,0.9144
2023-04-01,GBP,0.8089
2023-04-02,USD,1.0
2023-04-02,CAD,1.4167
2023-04-02,AUD,1.6477
2023-04-02,EUR,0.9169
2023-04-02,GBP,0.8045
2023-04-03,USD,1.0
2023-04-03,CAD,1.4185
2023-04-03,AUD,1.6694
2023-04-03,EUR,0.9272
2023-04-03,GBP,0.8146
2023-04-04,USD,1.0
2023-04-04,CAD,1.4185
2023-04-04,AUD,1.6694
2023-04-04,EUR,0.9272
2023-04-04,GBP,0.8146
2023-04-05,USD,1.0
2023-04-05,CAD,1.4185
2023-04-05,AUD,1.6694
2023-04-05,EUR,0.9272
2023-04-05,GBP,0.8146
2023-04-06,USD,1.0
2023-04-06,CAD,1.416
2023-04-06,AUD,1.6486
2023-04-06,EUR,0.9267
2023-04-06,GBP,0.8136
2023-04-07,USD,1.0
2023-04-07,CAD,1.4018
2023-04-07,AUD,1.6149
2023-04-07,EUR,0.9187
2023-04-07,GBP,0.8093
2023-04-08,USD,1.0
2023-04-08,CAD,1.4013
2023-04-08,AUD,1.6186
2023-04-08,EUR,0.9199
2023-04-08,GBP,0.809
2023-04-09,USD,1.0
2023-04-09,CAD,1.4047
2023-04-09,AUD,1.6052
2023-04-09,EUR,0.9202
2023-04-09,GBP,0.8058
2023-04-10,USD,1.0
2023-04-10,CAD,1.4047
2023-04-10,AUD,1.6052
2023-04-10,EUR,0.9202
2023-04-10,GBP,0.8058
2023-04-11,USD,1.0
2023-04-11,CAD,1.4047
2023-04-11,AUD,1.6052
2023-04-11,EUR,0.9202
2023-04-11,GBP,0.8058
2023-04-12,USD,1.0
2023-04-12,CAD,1.4047
2023-04-12,AUD,1.6052
2023-04-12,EUR,0.9202
2023-04-12,GBP,0.8058
2023-04-13,USD,1.0
2023-04-13,CAD,1.4047
2023-04-13,AUD,1.6052
2023-04-13,EUR,0.9202
2023-04-13,GBP,0.8058
2023-04-14,USD,1.0
2023-04-14,CAD,1.3917
2023-04-14,AUD,1.5633
2023-04-14,EUR,0.9122
2023-04-14,GBP,0.7959
2023-04-15,USD,1.0
2023-04-15,CAD,1.406
2023-04-15,AUD,1.5866
2023-04-15,EUR,0.9172
2023-04-15,GBP,0.8015
2023-04-16,USD,1.0
2023-04-16,CAD,1.4106
2023-04-16,AUD,1.5858
2023-04-16,EUR,0.9184
2023-04-16,GBP,0.8005
2023-04-17,USD,1.0
2023-04-17,CAD,1.407
2023-04-17,AUD,1.5735
2023-04-17,EUR,0.9208
2023-04-17,GBP,0.8009
2023-04-18,USD,1.0
2023-04-18,CAD,1.407
2023-04-18,AUD,1.5735
2023-04-18,EUR,0.9208
2023-04-18,GBP,0.8009
2023-04-19,USD,1.0
2023-04-19,CAD,1.407
2023-04-19,AUD,1.5735
2023-04-19,EUR,0.9208
2023-04-19,GBP,0.8009
2023-04-20,USD,1.0
2023-04-20,CAD,1.4111
2023-04-20,AUD,1.5732
2023-04-20,EUR,0.9208
2023-04-20,GBP,0.8043
2023-04-21,USD,1.0
2023-04-21,CAD,1.4204
2023-04-21,AUD,1.5932
2023-04-21,EUR,0.9228
2023-04-21,GBP,0.8131
2023-04-22,USD,1.0
2023-04-22,CAD,1.4148
2023-04-22,AUD,1.5827
2023-04-22,EUR,0.9202
2023-04-22,GBP,0.8091
2023-04-23,USD,1.0
2023-04-23,CAD,1.4135
2023-04-23,AUD,1.5706
2023-04-23,EUR,0.9283
2023-04-23,GBP,0.8095
2023-04-24,USD,1.0
2023-04-24,CAD,1.4049
2023-04-24,AUD,1.5688
2023-04-24,EUR,0.9259
2023-04-24,GBP,0.8102
2023-04-25,USD,1.0
2023-04-25,CAD,1.4049
2023-04-25,AUD,1.5688
2023-04-25,EUR,0.9259
2023-04-25,GBP,0.8102
2023-04-26,USD,1.0
2023-04-26,CAD,1.4049
2023-04-26,AUD,1.5688
2023-04-26,EUR,0.9259
2023-04-26,GBP,0.8102
2023-04-27,USD,1.0
2023-04-27,CAD,1.4057
2023-04-27,AUD,1.5476
2023-04-27,EUR,0.9215
2023-04-27,GBP,0.8041
2023-04-28,USD,1.0
2023-04-28,CAD,1.3955
2023-04-28,AUD,1.5385
2023-04-28,EUR,0.9194
2023-04-28,GBP,0.8006
2023-04-29,USD,1.0
2023-04-29,CAD,1.3954
2023-04-29,AUD,1.5362
2023-04-29,EUR,0.9223
2023-04-29,GBP,0.8059
2023-04-30,USD,1.0
2023-04-30,CAD,1.3863
2023-04-30,AUD,1.5261
2023-04-30,EUR,0.9195
2023-04-30,GBP,0.7991
2023-05-01,USD,1.0
2023-05-01,CAD,1.3863
2023-05-01,AUD,1.5261
2023-05-01,EUR,0.9195
2023-05-01,GBP,0.7991
2023-05-02,USD,1.0
2023-05-02,CAD,1.3863
2023-05-02,AUD,1.5261
2023-05-02,EUR,0.9195
2023-05-02,GBP,0.7991
2023-05-03,USD,1.0
2023-05-03,CAD,1.3863
2023-05-03,AUD,1.5261
2023-05-03,EUR,0.9195
2023-05-03,GBP,0.7991
2023-05-04,USD,1.0
2023-05-04,CAD,1.4065
2023-05-04,AUD,1.5557
2023-05-04,EUR,0.9139
2023-05-04,GBP,0.8033
2023-05-05,USD,1.0
2023-05-05,CAD,1.4019
2023-05-05,AUD,1.5517
2023-05-05,EUR,0.9223
2023-05-05,GBP,0.8029
2023-05-06,USD,1.0
2023-05-06,CAD,1.4088
2023-05-06,AUD,1.5773
2023-05-06,EUR,0.9253
2023-05-06,GBP,0.8074
2023-05-07,USD,1.0
2023-05-07,CAD,1.4075
2023-05-07,AUD,1.5491
2023-05-07,EUR,0.9274
2023-05-07,GBP,0.8113
2023-05-08,USD,1.0
2023-05-08,CAD,1.3943
2023-05-08,AUD,1.5321
2023-05-08,EUR,0.9223
2023-05-08,GBP,0.8073
2023-05-09,USD,1.0
2023-05-09,CAD,1.3943
2023-05-09,AUD,1.5321
2023-05-09,EUR,0.9223
2023-05-09,GBP,0.8073
2023-05-10,USD,1.0
2023-05-10,CAD,1.3943
2023-05-10,AUD,1.5321
2023-05-10,EUR,0.9223
2023-05-10,GBP,0.8073
2023-05-11,USD,1.0
2023-05-11,CAD,1.3984
2023-05-11,AUD,1.5437
2023-05-11,EUR,0.9239
2023-05-11,GBP,0.8119
2023-05-12,USD,1.0
2023-05-12,CAD,1.3979
2023-05-12,AUD,1.5311
2023-05-12,EUR,0.921
2023-05-12,GBP,0.8084
2023-05-13,USD,1.0
2023-05-13,CAD,1.4017
2023-05-13,AUD,1.5344
2023-05-13,EUR,0.9195
2023-05-13,GBP,0.8114
2023-05-14,USD,1.0
2023-05-14,CAD,1.4107
2023-05-14,AUD,1.5572
2023-05-14,EUR,0.9266
2023-05-14,GBP,0.82
2023-05-15,USD,1.0
2023-05-15,CAD,1.4105
2023-05-15,AUD,1.5563
2023-05-15,EUR,0.9261
2023-05-15,GBP,0.8218
2023-05-16,USD,1.0
2023-05-16,CAD,1.4105
2023-05-16,AUD,1.5563
2023-05-16,EUR,0.9261
2023-05-16,GBP,0.8218
2023-05-17,USD,1.0
2023-05-17,CAD,1.4105
2023-05-17,AUD,1.5563
2023-05-17,EUR,0.9261
2023-05-17,GBP,0.8218
2023-05-18,USD,1.0
2023-05-18,CAD,1.4034
2023-05-18,AUD,1.5451
2023-05-18,EUR,0.9232
2023-05-18,GBP,0.8231
2023-05-19,USD,1.0
2023-05-19,CAD,1.3928
2023-05-19,AUD,1.5298
2023-05-19,EUR,0.9132
2023-05-19,GBP,0.8177
2023-05-20,USD,1.0
2023-05-20,CAD,1.3881
2023-05-20,AUD,1.5197
2023-05-20,EUR,0.9126
2023-05-20,GBP,0.8155
2023-05-21,USD,1.0
2023-05-21,CAD,1.3918
2023-05-21,AUD,1.5191
2023-05-21,EUR,0.9091
2023-05-21,GBP,0.8177
2023-05-22,USD,1.0
2023-05-22,CAD,1.4007
2023-05-22,AUD,1.531
2023-05-22,EUR,0.9171
2023-05-22,GBP,0.8214
2023-05-23,USD,1.0
2023-05-23,CAD,1.4007
2023-05-23,AUD,1.531
2023-05-23,EUR,0.9171
2023-05-23,GBP,0.8214
2023-05-24,USD,1.0
2023-05-24,CAD,1.4007
2023-05-24,AUD,1.531
2023-05-24,EUR,0.9171
2023-05-24,GBP,0.8214
2023-05-25,USD,1.0
2023-05-25,CAD,1.3988
2023-05-25,AUD,1.5287
2023-05-25,EUR,0.9166
2023-05-25,GBP,0.8205
2023-05-26,USD,1.0
2023-05-26,CAD,1.3835
2023-05-26,AUD,1.507
2023-05-26,EUR,0.9112
2023-05-26,GBP,0.8098
2023-05-27,USD,1.0
2023-05-27,CAD,1.3762
2023-05-27,AUD,1.5071
2023-05-27,EUR,0.9098
2023-05-27,GBP,0.8152
2023-05-28,USD,1.0
2023-05-28,CAD,1.3757
2023-05-28,AUD,1.5091
2023-05-28,EUR,0.9078
2023-05-28,GBP,0.8145
2023-05-29,USD,1.0
2023-05-29,CAD,1.3721
2023-05-29,AUD,1.4979
2023-05-29,EUR,0.898
2023-05-29,GBP,0.809
2023-05-30,USD,1.0
2023-05-30,CAD,1.3721
2023-05-30,AUD,1.4979
2023-05-30,EUR,0.898
2023-05-30,GBP,0.809
2023-05-31,USD,1.0
2023-05-31,CAD,1.3721
2023-05-31,AUD,1.4979
2023-05-31,EUR,0.898
2023-05-31,GBP,0.809
2023-06-01,USD,1.0
2023-06-01,CAD,1.3699
2023-06-01,AUD,1.4833
2023-06-01,EUR,0.8996
2023-06-01,GBP,0.8067
2023-06-02,USD,1.0
2023-06-02,CAD,1.3519
2023-06-02,AUD,1.4596
2023-06-02,EUR,0.8949
2023-06-02,GBP,0.7972
2023-06-03,USD,1.0
2023-06-03,CAD,1.3555
2023-06-03,AUD,1.4544
2023-06-03,EUR,0.8933
2023-06-03,GBP,0.7956
2023-06-04,USD,1.0
2023-06-04,CAD,1.3514
2023-06-04,AUD,1.4468
2023-06-04,EUR,0.8889
2023-06-04,GBP,0.7972
2023-06-05,USD,1.0
2023-06-05,CAD,1.3448
2023-06-05,AUD,1.4322
2023-06-05,EUR,0.8826
2023-06-05,GBP,0.7895
2023-06-06,USD,1.0
2023-06-06,CAD,1.3448
2023-06-06,AUD,1.4322
2023-06-06,EUR,0.8826
2023-06-06,GBP,0.7895
2023-06-07,USD,1.0
2023-06-07,CAD,1.3448
2023-06-07,AUD,1.4322
2023-06-07,EUR,0.8826
2023-06-07,GBP,0.7895
2023-06-08,USD,1.0
2023-06-08,CAD,1.3404
2023-06-08,AUD,1.4316
2023-06-08,EUR,0.8861
2023-06-08,GBP,0.7902
2023-06-09,USD,1.0
2023-06-09,CAD,1.3447
2023-06-09,AUD,1.4403
2023-06-09,EUR,0.8854
2023-06-09,GBP,0.7891
2023-06-10,USD,1.0
2023-06-10,CAD,1.3387
2023-06-10,AUD,1.4259
2023-06-10,EUR,0.8791
2023-06-10,GBP,0.7821
2023-06-11,USD,1.0
2023-06-11,CAD,1.3501
2023-06-11,AUD,1.447
2023-06-11,EUR,0.8812
2023-06-11,GBP,0.7901
2023-06-12,USD,1.0
2023-06-12,CAD,1.3577
2023-06-12,AUD,1.455
2023-06-12,EUR,0.8846
2023-06-12,GBP,0.7931
2023-06-13,USD,1.0
2023-06-13,CAD,1.3577
2023-06-13,AUD,1.455
2023-06-13,EUR,0.8846
2023-06-13,GBP,0.7931
2023-06-14,USD,1.0
2023-06-14,CAD,1.3577
2023-06-14,AUD,1.455
2023-06-14,EUR,0.8846
2023-06-14,GBP,0.7931
2023-06-15,USD,1.0
2023-06-15,CAD,1.3634
2023-06-15,AUD,1.4641
2023-06-15,EUR,0.8887
2023-06-15,GBP,0.7967
2023-06-16,USD,1.0
2023-06-16,CAD,1.3548
2023-06-16,AUD,1.4436
2023-06-16,EUR,0.8843
2023-06-16,GBP,0.7903
2023-06-17,USD,1.0
2023-06-17,CAD,1.3536
2023-06-17,AUD,1.4505
2023-06-17,EUR,0.8903
2023-06-17,GBP,0.7964
2023-06-18,USD,1.0
2023-06-18,CAD,1.3561
2023-06-18,AUD,1.4575
2023-06-18,EUR,0.8911
2023-06-18,GBP,0.8022
2023-06-19,USD,1.0
2023-06-19,CAD,1.3567
2023-06-19,AUD,1.4506
2023-06-19,EUR,0.8921
2023-06-19,GBP,0.8074
2023-06-20,USD,1.0
2023-06-20,CAD,1.3567
2023-06-20,AUD,1.4506
2023-06-20,EUR,0.8921
2023-06-20,GBP,0.8074
2023-06-21,USD,1.0
2023-06-21,CAD,1.3567
2023-06-21,AUD,1.4506
2023-06-21,EUR,0.8921
2023-06-21,GBP,0.8074
2023-06-22,USD,1.0
2023-06-22,CAD,1.3565
2023-06-22,AUD,1.453
2023-06-22,EUR,0.8918
2023-06-22,GBP,0.8056
2023-06-23,USD,1.0
2023-06-23,CAD,1.3491
2023-06-23,AUD,1.4377
2023-06-23,EUR,0.8835
2023-06-23,GBP,0.8008
2023-06-24,USD,1.0
2023-06-24,CAD,1.3591
2023-06-24,AUD,1.4488
2023-06-24,EUR,0.8865
2023-06-24,GBP,0.8009
2023-06-25,USD,1.0
2023-06-25,CAD,1.3645
2023-06-25,AUD,1.4572
2023-06-25,EUR,0.8929
2023-06-25,GBP,0.8048
2023-06-26,USD,1.0
2023-06-26,CAD,1.3661
2023-06-26,AUD,1.4548
2023-06-26,EUR,0.8918
2023-06-26,GBP,0.8078
2023-06-27,USD,1.0
2023-06-27,CAD,1.3661
2023-06-27,AUD,1.4548
2023-06-27,EUR,0.8918
2023-06-27,GBP,0.8078
2023-06-28,USD,1.0
2023-06-28,CAD,1.3661
2023-06-28,AUD,1.4548
2023-06-28,EUR,0.8918
2023-06-28,GBP,0.8078
2023-06-29,USD,1.0
2023-06-29,CAD,1.3656
2023-06-29,AUD,1.4539
2023-06-29,EUR,0.8862
2023-06-29,GBP,0.8112
2023-06-30,USD,1.0
2023-06-30,CAD,1.3685
2023-06-30,AUD,1.4595
2023-06-30,EUR,0.893
2023-06-30,GBP,0.8148
2023-07-01,USD,1.0
2023-07-01,CAD,1.3587
2023-07-01,AUD,1.4525
2023-07-01,EUR,0.8929
2023-07-01,GBP,0.8074
2023-07-02,USD,1.0
2023-07-02,CAD,1.3595
2023-07-02,AUD,1.4439
2023-07-02,EUR,0.8861
2023-07-02,GBP,0.7994
2023-07-03,USD,1.0
2023-07-03,CAD,1.3572
2023-07-03,AUD,1.4411
2023-07-03,EUR,0.8909
2023-07-03,GBP,0.8029
2023-07-04,USD,1.0
2023-07-04,CAD,1.3572
2023-07-04,AUD,1.4411
2023-07-04,EUR,0.8909
2023-07-04,GBP,0.8029
2023-07-05,USD,1.0
2023-07-05,CAD,1.3572
2023-07-05,AUD,1.4411
2023-07-05,EUR,0.8909
2023-07-05,GBP,0.8029
2023-07-06,USD,1.0
2023-07-06,CAD,1.3539
2023-07-06,AUD,1.4331
2023-07-06,EUR,0.883
2023-07-06,GBP,0.7992
2023-07-07,USD,1.0
2023-07-07,CAD,1.3567
2023-07-07,AUD,1.4403
2023-07-07,EUR,0.8857
2023-07-07,GBP,0.7985
2023-07-08,USD,1.0
2023-07-08,CAD,1.359
2023-07-08,AUD,1.4391
2023-07-08,EUR,0.8861
2023-07-08,GBP,0.7968
2023-07-09,USD,1.0
2023-07-09,CAD,1.3502
2023-07-09,AUD,1.4318
2023-07-09,EUR,0.8817
2023-07-09,GBP,0.7905
2023-07-10,USD,1.0
2023-07-10,CAD,1.3601
2023-07-10,AUD,1.4408
2023-07-10,EUR,0.8868
2023-07-10,GBP,0.7943
2023-07-11,USD,1.0
2023-07-11,CAD,1.3601
2023-07-11,AUD,1.4408
2023-07-11,EUR,0.8868
2023-07-11,GBP,0.7943
2023-07-12,USD,1.0
2023-07-12,CAD,1.3601
2023-07-12,AUD,1.4408
2023-07-12,EUR,0.8868
2023-07-12,GBP,0.7943
2023-07-13,USD,1.0
2023-07-13,CAD,1.3563
2023-07-13,AUD,1.4342
2023-07-13,EUR,0.8827
2023-07-13,GBP,0.7939
2023-07-14,USD,1.0
2023-07-14,CAD,1.3616
2023-07-14,AUD,1.4372
2023-07-14,EUR,0.8791
2023-07-14,GBP,0.798
2023-07-15,USD,1.0
2023-07-15,CAD,1.3568
2023-07-15,AUD,1.4237
2023-07-15,EUR,0.8738
2023-07-15,GBP,0.7912
2023-07-16,USD,1.0
2023-07-16,CAD,1.3538
2023-07-16,AUD,1.4314
2023-07-16,EUR,0.8761
2023-07-16,GBP,0.7962
2023-07-17,USD,1.0
2023-07-17,CAD,1.3572
2023-07-17,AUD,1.4316
2023-07-17,EUR,0.875
2023-07-17,GBP,0.797
2023-07-18,USD,1.0
2023-07-18,CAD,1.3572
2023-07-18,AUD,1.4316
2023-07-18,EUR,0.875
2023-07-18,GBP,0.797
2023-07-19,USD,1.0
2023-07-19,CAD,1.3572
2023-07-19,AUD,1.4316
2023-07-19,EUR,0.875
2023-07-19,GBP,0.797
2023-07-20,USD,1.0
2023-07-20,CAD,1.3567
2023-07-20,AUD,1.429
2023-07-20,EUR,0.8735
2023-07-20,GBP,0.7912
2023-07-21,USD,1.0
2023-07-21,CAD,1.3457
2023-07-21,AUD,1.4117
2023-07-21,EUR,0.8739
2023-07-21,GBP,0.787
2023-07-22,USD,1.0
2023-07-22,CAD,1.3422
2023-07-22,AUD,1.3939
2023-07-22,EUR,0.8637
2023-07-22,GBP,0.787
2023-07-23,USD,1.0
2023-07-23,CAD,1.3386
2023-07-23,AUD,1.4043
2023-07-23,EUR,0.8644
2023-07-23,GBP,0.7883
2023-07-24,USD,1.0
2023-07-24,CAD,1.342
2023-07-24,AUD,1.4108
2023-07-24,EUR,0.8615
2023-07-24,GBP,0.7838
2023-07-25,USD,1.0
2023-07-25,CAD,1.342
2023-07-25,AUD,1.4108
2023-07-25,EUR,0.8615
2023-07-25,GBP,0.7838
2023-07-26,USD,1.0
2023-07-26,CAD,1.342
2023-07-26,AUD,1.4108
2023-07-26,EUR,0.8615
2023-07-26,GBP,0.7838
2023-07-27,USD,1.0
2023-07-27,CAD,1.3375
2023-07-27,AUD,1.4007
2023-07-27,EUR,0.8503
2023-07-27,GBP,0.7767
2023-07-28,USD,1.0
2023-07-28,CAD,1.3393
2023-07-28,AUD,1.4007
2023-07-28,EUR,0.8535
2023-07-28,GBP,0.7764
2023-07-29,USD,1.0
2023-07-29,CAD,1.336
2023-07-29,AUD,1.3943
2023-07-29,EUR,0.8529
2023-07-29,GBP,0.7709
2023-07-30,USD,1.0
2023-07-30,CAD,1.343
2023-07-30,AUD,1.4005
2023-07-30,EUR,0.8516
2023-07-30,GBP,0.7687
2023-07-31,USD,1.0
2023-07-31,CAD,1.3418
2023-07-31,AUD,1.3916
2023-07-31,EUR,0.844
2023-07-31,GBP,0.7601
2023-08-01,USD,1.0
2023-08-01,CAD,1.3418
2023-08-01,AUD,1.3916
2023-08-01,EUR,0.844
2023-08-01,GBP,0.7601
2023-08-02,USD,1.0
2023-08-02,CAD,1.3418
2023-08-02,AUD,1.3916
2023-08-02,EUR,0.844
2023-08-02,GBP,0.7601
2023-08-03,USD,1.0
2023-08-03,CAD,1.3436
2023-08-03,AUD,1.4078
2023-08-03,EUR,0.8528
2023-08-03,GBP,0.7676
2023-08-04,USD,1.0
2023-08-04,CAD,1.3407
2023-08-04,AUD,1.402
2023-08-04,EUR,0.85
2023-08-04,GBP,0.7678
2023-08-05,USD,1.0
2023-08-05,CAD,1.3247
2023-08-05,AUD,1.3848
2023-08-05,EUR,0.8436
2023-08-05,GBP,0.7615
2023-08-06,USD,1.0
2023-08-06,CAD,1.3297
2023-08-06,AUD,1.3926
2023-08-06,EUR,0.8444
2023-08-06,GBP,0.7602
2023-08-07,USD,1.0
2023-08-07,CAD,1.3345
2023-08-07,AUD,1.3881
2023-08-07,EUR,0.8462
2023-08-07,GBP,0.7648
2023-08-08,USD,1.0
2023-08-08,CAD,1.3345
2023-08-08,AUD,1.3881
2023-08-08,EUR,0.8462
2023-08-08,GBP,0.7648
2023-08-09,USD,1.0
2023-08-09,CAD,1.3345
2023-08-09,AUD,1.3881
2023-08-09,EUR,0.8462
2023-08-09,GBP,0.7648
2023-08-10,USD,1.0
2023-08-10,CAD,1.338
2023-08-10,AUD,1.398
2023-08-10,EUR,0.8501
2023-08-10,GBP,0.7664
2023-08-11,USD,1.0
2023-08-11,CAD,1.3287
2023-08-11,AUD,1.3923
2023-08-11,EUR,0.8487
2023-08-11,GBP,0.7625
2023-08-12,USD,1.0
2023-08-12,CAD,1.329
2023-08-12,AUD,1.4029
2023-08-12,EUR,0.8495
2023-08-12,GBP,0.7686
2023-08-13,USD,1.0
2023-08-13,CAD,1.3215
2023-08-13,AUD,1.3963
2023-08-13,EUR,0.8451
2023-08-13,GBP,0.7637
2023-08-14,USD,1.0
2023-08-14,CAD,1.3247
2023-08-14,AUD,1.3989
2023-08-14,EUR,0.8465
2023-08-14,GBP,0.7633
2023-08-15,USD,1.0
2023-08-15,CAD,1.3247
2023-08-15,AUD,1.3989
2023-08-15,EUR,0.8465
2023-08-15,GBP,0.7633
2023-08-16,USD,1.0
2023-08-16,CAD,1.3247
2023-08-16,AUD,1.3989
2023-08-16,EUR,0.8465
2023-08-16,GBP,0.7633
2023-08-17,USD,1.0
2023-08-17,CAD,1.3232
2023-08-17,AUD,1.3908
2023-08-17,EUR,0.8437
2023-08-17,GBP,0.7646
2023-08-18,USD,1.0
2023-08-18,CAD,1.3163
2023-08-18,AUD,1.3814
2023-08-18,EUR,0.8399
2023-08-18,GBP,0.7591
2023-08-19,USD,1.0
2023-08-19,CAD,1.3147
2023-08-19,AUD,1.3767
2023-08-19,EUR,0.838
2023-08-19,GBP,0.7571
2023-08-20,USD,1.0
2023-08-20,CAD,1.321
2023-08-20,AUD,1.3961
2023-08-20,EUR,0.8439
2023-08-20,GBP,0.761
2023-08-21,USD,1.0
2023-08-21,CAD,1.3224
2023-08-21,AUD,1.3971
2023-08-21,EUR,0.8497
2023-08-21,GBP,0.7626
2023-08-22,USD,1.0
2023-08-22,CAD,1.3224
2023-08-22,AUD,1.3971
2023-08-22,EUR,0.8497
2023-08-22,GBP,0.7626
2023-08-23,USD,1.0
2023-08-23,CAD,1.3224
2023-08-23,AUD,1.3971
2023-08-23,EUR,0.8497
2023-08-23,GBP,0.7626
2023-08-24,USD,1.0
2023-08-24,CAD,1.3146
2023-08-24,AUD,1.3889
2023-08-24,EUR,0.8441
2023-08-24,GBP,0.7612
2023-08-25,USD,1.0
2023-08-25,CAD,1.3202
2023-08-25,AUD,1.3943
2023-08-25,EUR,0.8465
2023-08-25,GBP,0.7613
2023-08-26,USD,1.0
2023-08-26,CAD,1.3184
2023-08-26,AUD,1.3887
2023-08-26,EUR,0.8482
2023-08-26,GBP,0.7608
2023-08-27,USD,1.0
2023-08-27,CAD,1.3147
2023-08-27,AUD,1.3799
2023-08-27,EUR,0.847
2023-08-27,GBP,0.7581
2023-08-28,USD,1.0
2023-08-28,CAD,1.3053
2023-08-28,AUD,1.361
2023-08-28,EUR,0.8393
2023-08-28,GBP,0.7509
2023-08-29,USD,1.0
2023-08-29,CAD,1.3053
2023-08-29,AUD,1.361
2023-08-29,EUR,0.8393
2023-08-29,GBP,0.7509
2023-08-30,USD,1.0
2023-08-30,CAD,1.3053
2023-08-30,AUD,1.361
2023-08-30,EUR,0.8393
2023-08-30,GBP,0.7509
2023-08-31,USD,1.0
2023-08-31,CAD,1.3066
2023-08-31,AUD,1.358
2023-08-31,EUR,0.8375
2023-08-31,GBP,0.7505
2023-09-01,USD,1.0
2023-09-01,CAD,1.3014
2023-09-01,AUD,1.355
2023-09-01,EUR,0.8342
2023-09-01,GBP,0.7423
2023-09-02,USD,1.0
2023-09-02,CAD,1.3064
2023-09-02,AUD,1.3634
2023-09-02,EUR,0.8431
2023-09-02,GBP,0.749
2023-09-03,USD,1.0
2023-09-03,CAD,1.3114
2023-09-03,AUD,1.373
2023-09-03,EUR,0.8465
2023-09-03,GBP,0.7546
2023-09-04,USD,1.0
2023-09-04,CAD,1.3096
2023-09-04,AUD,1.3757
2023-09-04,EUR,0.8445
2023-09-04,GBP,0.7543
2023-09-05,USD,1.0
2023-09-05,CAD,1.3096
2023-09-05,AUD,1.3757
2023-09-05,EUR,0.8445
2023-09-05,GBP,0.7543
2023-09-06,USD,1.0
2023-09-06,CAD,1.3096
2023-09-06,AUD,1.3757
2023-09-06,EUR,0.8445
2023-09-06,GBP,0.7543
2023-09-07,USD,1.0
2023-09-07,CAD,1.3095
2023-09-07,AUD,1.3728
2023-09-07,EUR,0.8457
2023-09-07,GBP,0.7598
2023-09-08,USD,1.0
2023-09-08,CAD,1.3172
2023-09-08,AUD,1.3819
2023-09-08,EUR,0.8485
2023-09-08,GBP,0.7675
2023-09-09,USD,1.0
2023-09-09,CAD,1.3219
2023-09-09,AUD,1.3815
2023-09-09,EUR,0.8494
2023-09-09,GBP,0.7748
2023-09-10,USD,1.0
2023-09-10,CAD,1.3154
2023-09-10,AUD,1.3741
2023-09-10,EUR,0.844
2023-09-10,GBP,0.773
2023-09-11,USD,1.0
2023-09-11,CAD,1.3179
2023-09-11,AUD,1.3703
2023-09-11,EUR,0.8436
2023-09-11,GBP,0.7796
2023-09-12,USD,1.0
2023-09-12,CAD,1.3179
2023-09-12,AUD,1.3703
2023-09-12,EUR,0.8436
2023-09-12,GBP,0.7796
2023-09-13,USD,1.0
2023-09-13,CAD,1.3179
2023-09-13,AUD,1.3703
2023-09-13,EUR,0.8436
2023-09-13,GBP,0.7796
2023-09-14,USD,1.0
2023-09-14,CAD,1.317
2023-09-14,AUD,1.3748
2023-09-14,EUR,0.842
2023-09-14,GBP,0.7763
2023-09-15,USD,1.0
2023-09-15,CAD,1.3147
2023-09-15,AUD,1.3639
2023-09-15,EUR,0.8409
2023-09-15,GBP,0.7744
2023-09-16,USD,1.0
2023-09-16,CAD,1.3167
2023-09-16,AUD,1.3627
2023-09-16,EUR,0.8425
2023-09-16,GBP,0.7703
2023-09-17,USD,1.0
2023-09-17,CAD,1.3196
2023-09-17,AUD,1.3692
2023-09-17,EUR,0.8477
2023-09-17,GBP,0.7759
2023-09-18,USD,1.0
2023-09-18,CAD,1.3184
2023-09-18,AUD,1.3726
2023-09-18,EUR,0.8451
2023-09-18,GBP,0.7717
2023-09-19,USD,1.0
2023-09-19,CAD,1.3184
2023-09-19,AUD,1.3726
2023-09-19,EUR,0.8451
2023-09-19,GBP,0.7717
2023-09-20,USD,1.0
2023-09-20,CAD,1.3184
2023-09-20,AUD,1.3726
2023-09-20,EUR,0.8451
2023-09-20,GBP,0.7717
2023-09-21,USD,1.0
2023-09-21,CAD,1.3238
2023-09-21,AUD,1.3778
2023-09-21,EUR,0.8484
2023-09-21,GBP,0.7772
2023-09-22,USD,1.0
2023-09-22,CAD,1.3314
2023-09-22,AUD,1.3874
2023-09-22,EUR,0.8518
2023-09-22,GBP,0.7815
2023-09-23,USD,1.0
2023-09-23,CAD,1.3337
2023-09-23,AUD,1.406
2023-09-23,EUR,0.8553
2023-09-23,GBP,0.7859
2023-09-24,USD,1.0
2023-09-24,CAD,1.3396
2023-09-24,AUD,1.4203
2023-09-24,EUR,0.8587
2023-09-24,GBP,0.7834
2023-09-25,USD,1.0
2023-09-25,CAD,1.3375
2023-09-25,AUD,1.4224
2023-09-25,EUR,0.8595
2023-09-25,GBP,0.7851
2023-09-26,USD,1.0
2023-09-26,CAD,1.3375
2023-09-26,AUD,1.4224
2023-09-26,EUR,0.8595
2023-09-26,GBP,0.7851
2023-09-27,USD,1.0
2023-09-27,CAD,1.3375
2023-09-27,AUD,1.4224
2023-09-27,EUR,0.8595
2023-09-27,GBP,0.7851
2023-09-28,USD,1.0
2023-09-28,CAD,1.3385
2023-09-28,AUD,1.415
2023-09-28,EUR,0.8569
2023-09-28,GBP,0.7756
2023-09-29,USD,1.0
2023-09-29,CAD,1.3378
2023-09-29,AUD,1.4025
2023-09-29,EUR,0.8546
2023-09-29,GBP,0.7773
2023-09-30,USD,1.0
2023-09-30,CAD,1.3389
2023-09-30,AUD,1.404
2023-09-30,EUR,0.8541
2023-09-30,GBP,0.7793
2023-10-01,USD,1.0
2023-10-01,CAD,1.3288
2023-10-01,AUD,1.3886
2023-10-01,EUR,0.8509
2023-10-01,GBP,0.772
2023-10-02,USD,1.0
2023-10-02,CAD,1.3302
2023-10-02,AUD,1.3957
2023-10-02,EUR,0.8525
2023-10-02,GBP,0.773
2023-10-03,USD,1.0
2023-10-03,CAD,1.3302
2023-10-03,AUD,1.3957
2023-10-03,EUR,0.8525
2023-10-03,GBP,0.773
2023-10-04,USD,1.0
2023-10-04,CAD,1.3302
2023-10-04,AUD,1.3957
2023-10-04,EUR,0.8525
2023-10-04,GBP,0.773
2023-10-05,USD,1.0
2023-10-05,CAD,1.3268
2023-10-05,AUD,1.3918
2023-10-05,EUR,0.8498
2023-10-05,GBP,0.7717
2023-10-06,USD,1.0
2023-10-06,CAD,1.3251
2023-10-06,AUD,1.3965
2023-10-06,EUR,0.8478
2023-10-06,GBP,0.772
2023-10-07,USD,1.0
2023-10-07,CAD,1.3288
2023-10-07,AUD,1.4019
2023-10-07,EUR,0.8496
2023-10-07,GBP,0.7767
2023-10-08,USD,1.0
2023-10-08,CAD,1.3245
2023-10-08,AUD,1.3958
2023-10-08,EUR,0.85
2023-10-08,GBP,0.7738
2023-10-09,USD,1.0
2023-10-09,CAD,1.3177
2023-10-09,AUD,1.3908
2023-10-09,EUR,0.8478
2023-10-09,GBP,0.7729
2023-10-10,USD,1.0
2023-10-10,CAD,1.3177
2023-10-10,AUD,1.3908
2023-10-10,EUR,0.8478
2023-10-10,GBP,0.7729
2023-10-11,USD,1.0
2023-10-11,CAD,1.3177
2023-10-11,AUD,1.3908
2023-10-11,EUR,0.8478
2023-10-11,GBP,0.7729
2023-10-12,USD,1.0
2023-10-12,CAD,1.3131
2023-10-12,AUD,1.3863
2023-10-12,EUR,0.8475
2023-10-12,GBP,0.7678
2023-10-13,USD,1.0
2023-10-13,CAD,1.3108
2023-10-13,AUD,1.3916
2023-10-13,EUR,0.8484
2023-10-13,GBP,0.7686
2023-10-14,USD,1.0
2023-10-14,CAD,1.3134
2023-10-14,AUD,1.3939
2023-10-14,EUR,0.8511
2023-10-14,GBP,0.7693
2023-10-15,USD,1.0
2023-10-15,CAD,1.321
2023-10-15,AUD,1.4151
2023-10-15,EUR,0.8548
2023-10-15,GBP,0.7739
2023-10-16,USD,1.0
2023-10-16,CAD,1.3199
2023-10-16,AUD,1.41
2023-10-16,EUR,0.8517
2023-10-16,GBP,0.7743
2023-10-17,USD,1.0
2023-10-17,CAD,1.3199
2023-10-17,AUD,1.41
2023-10-17,EUR,0.8517
2023-10-17,GBP,0.7743
2023-10-18,USD,1.0
2023-10-18,CAD,1.3199
2023-10-18,AUD,1.41
2023-10-18,EUR,0.8517
2023-10-18,GBP,0.7743
2023-10-19,USD,1.0
2023-10-19,CAD,1.3172
2023-10-19,AUD,1.4064
2023-10-19,EUR,0.8485
2023-10-19,GBP,0.7687
2023-10-20,USD,1.0
2023-10-20,CAD,1.319
2023-10-20,AUD,1.4226
2023-10-20,EUR,0.8467
2023-10-20,GBP,0.7733
2023-10-21,USD,1.0
2023-10-21,CAD,1.3126
2023-10-21,AUD,1.4118
2023-10-21,EUR,0.8437
2023-10-21,GBP,0.7657
2023-10-22,USD,1.0
2023-10-22,CAD,1.3162
2023-10-22,AUD,1.408
2023-10-22,EUR,0.846
2023-10-22,GBP,0.7637
2023-10-23,USD,1.0
2023-10-23,CAD,1.3127
2023-10-23,AUD,1.3983
2023-10-23,EUR,0.8435
2023-10-23,GBP,0.7648
2023-10-24,USD,1.0
2023-10-24,CAD,1.3127
2023-10-24,AUD,1.3983
2023-10-24,EUR,0.8435
2023-10-24,GBP,0.7648
2023-10-25,USD,1.0
2023-10-25,CAD,1.3127
2023-10-25,AUD,1.3983
2023-10-25,EUR,0.8435
2023-10-25,GBP,0.7648
2023-10-26,USD,1.0
2023-10-26,CAD,1.3182
2023-10-26,AUD,1.4038
2023-10-26,EUR,0.8461
2023-10-26,GBP,0.7679
2023-10-27,USD,1.0
2023-10-27,CAD,1.3175
2023-10-27,AUD,1.4017
2023-10-27,EUR,0.8452
2023-10-27,GBP,0.7667
2023-10-28,USD,1.0
2023-10-28,CAD,1.3284
2023-10-28,AUD,1.4158
2023-10-28,EUR,0.8527
2023-10-28,GBP,0.7731
2023-10-29,USD,1.0
2023-10-29,CAD,1.3378
2023-10-29,AUD,1.4246
2023-10-29,EUR,0.8544
2023-10-29,GBP,0.7726
2023-10-30,USD,1.0
2023-10-30,CAD,1.3298
2023-10-30,AUD,1.4159
2023-10-30,EUR,0.8548
2023-10-30,GBP,0.7711
2023-10-31,USD,1.0
2023-10-31,CAD,1.3298
2023-10-31,AUD,1.4159
2023-10-31,EUR,0.8548
2023-10-31,GBP,0.7711
2023-11-01,USD,1.0
2023-11-01,CAD,1.3298
2023-11-01,AUD,1.4159
2023-11-01,EUR,0.8548
2023-11-01,GBP,0.7711
2023-11-02,USD,1.0
2023-11-02,CAD,1.3273
2023-11-02,AUD,1.4189
2023-11-02,EUR,0.8582
2023-11-02,GBP,0.7729
2023-11-03,USD,1.0
2023-11-03,CAD,1.3147
2023-11-03,AUD,1.402
2023-11-03,EUR,0.8546
2023-11-03,GBP,0.7695
2023-11-04,USD,1.0
2023-11-04,CAD,1.3148
2023-11-04,AUD,1.3946
2023-11-04,EUR,0.8532
2023-11-04,GBP,0.7675
2023-11-05,USD,1.0
2023-11-05,CAD,1.3056
2023-11-05,AUD,1.3797
2023-11-05,EUR,0.8435
2023-11-05,GBP,0.763
2023-11-06,USD,1.0
2023-11-06,CAD,1.3079
2023-11-06,AUD,1.3782
2023-11-06,EUR,0.8425
2023-11-06,GBP,0.7618
2023-11-07,USD,1.0
2023-11-07,CAD,1.3079
2023-11-07,AUD,1.3782
2023-11-07,EUR,0.8425
2023-11-07,GBP,0.7618
2023-11-08,USD,1.0
2023-11-08,CAD,1.3079
2023-11-08,AUD,1.3782
2023-11-08,EUR,0.8425
2023-11-08,GBP,0.7618
2023-11-09,USD,1.0
2023-11-09,CAD,1.295
2023-11-09,AUD,1.3662
2023-11-09,EUR,0.8415
2023-11-09,GBP,0.7593
2023-11-10,USD,1.0
2023-11-10,CAD,1.3036
2023-11-10,AUD,1.3751
2023-11-10,EUR,0.8469
2023-11-10,GBP,0.7553
2023-11-11,USD,1.0
2023-11-11,CAD,1.3058
2023-11-11,AUD,1.3745
2023-11-11,EUR,0.8499
2023-11-11,GBP,0.7559
2023-11-12,USD,1.0
2023-11-12,CAD,1.3097
2023-11-12,AUD,1.3793
2023-11-12,EUR,0.8481
2023-11-12,GBP,0.7613
2023-11-13,USD,1.0
2023-11-13,CAD,1.3143
2023-11-13,AUD,1.3796
2023-11-13,EUR,0.8464
2023-11-13,GBP,0.7591
2023-11-14,USD,1.0
2023-11-14,CAD,1.3143
2023-11-14,AUD,1.3796
2023-11-14,EUR,0.8464
2023-11-14,GBP,0.7591
2023-11-15,USD,1.0
2023-11-15,CAD,1.3143
2023-11-15,AUD,1.3796
2023-11-15,EUR,0.8464
2023-11-15,GBP,0.7591
2023-11-16,USD,1.0
2023-11-16,CAD,1.3082
2023-11-16,AUD,1.3716
2023-11-16,EUR,0.8453
2023-11-16,GBP,0.7592
2023-11-17,USD,1.0
2023-11-17,CAD,1.3095
2023-11-17,AUD,1.3664
2023-11-17,EUR,0.8416
2023-11-17,GBP,0.754
2023-11-18,USD,1.0
2023-11-18,CAD,1.3072
2023-11-18,AUD,1.3672
2023-11-18,EUR,0.8426
2023-11-18,GBP,0.7531
2023-11-19,USD,1.0
2023-11-19,CAD,1.3101
2023-11-19,AUD,1.3753
2023-11-19,EUR,0.8452
2023-11-19,GBP,0.7554
2023-11-20,USD,1.0
2023-11-20,CAD,1.3052
2023-11-20,AUD,1.3679
2023-11-20,EUR,0.843
2023-11-20,GBP,0.7535
2023-11-21,USD,1.0
2023-11-21,CAD,1.3052
2023-11-21,AUD,1.3679
2023-11-21,EUR,0.843
2023-11-21,GBP,0.7535
2023-11-22,USD,1.0
2023-11-22,CAD,1.3052
2023-11-22,AUD,1.3679
2023-11-22,EUR,0.843
2023-11-22,GBP,0.7535
2023-11-23,USD,1.0
2023-11-23,CAD,1.3049
2023-11-23,AUD,1.364
2023-11-23,EUR,0.8403
2023-11-23,GBP,0.7469
2023-11-24,USD,1.0
2023-11-24,CAD,1.3067
2023-11-24,AUD,1.3633
2023-11-24,EUR,0.8428
2023-11-24,GBP,0.7502
2023-11-25,USD,1.0
2023-11-25,CAD,1.3018
2023-11-25,AUD,1.3616
2023-11-25,EUR,0.841
2023-11-25,GBP,0.7496
2023-11-26,USD,1.0
2023-11-26,CAD,1.3002
2023-11-26,AUD,1.3582
2023-11-26,EUR,0.8403
2023-11-26,GBP,0.749
2023-11-27,USD,1.0
2023-11-27,CAD,1.2999
2023-11-27,AUD,1.3573
2023-11-27,EUR,0.8388
2023-11-27,GBP,0.7502
2023-11-28,USD,1.0
2023-11-28,CAD,1.2999
2023-11-28,AUD,1.3573
2023-11-28,EUR,0.8388
2023-11-28,GBP,0.7502
2023-11-29,USD,1.0
2023-11-29,CAD,1.2999
2023-11-29,AUD,1.3573
2023-11-29,EUR,0.8388
2023-11-29,GBP,0.7502
2023-11-30,USD,1.0
2023-11-30,CAD,1.2952
2023-11-30,AUD,1.3561
2023-11-30,EUR,0.8347
2023-11-30,GBP,0.75
2023-12-01,USD,1.0
2023-12-01,CAD,1.297
2023-12-01,AUD,1.3598
2023-12-01,EUR,0.8356
2023-12-01,GBP,0.7503
2023-12-02,USD,1.0
2023-12-02,CAD,1.2945
2023-12-02,AUD,1.3579
2023-12-02,EUR,0.8288
2023-12-02,GBP,0.75
2023-12-03,USD,1.0
2023-12-03,CAD,1.2914
2023-12-03,AUD,1.3465
2023-12-03,EUR,0.823
2023-12-03,GBP,0.7436
2023-12-04,USD,1.0
2023-12-04,CAD,1.2857
2023-12-04,AUD,1.3477
2023-12-04,EUR,0.8224
2023-12-04,GBP,0.7425
2023-12-05,USD,1.0
2023-12-05,CAD,1.2857
2023-12-05,AUD,1.3477
2023-12-05,EUR,0.8224
2023-12-05,GBP,0.7425
2023-12-06,USD,1.0
2023-12-06,CAD,1.2857
2023-12-06,AUD,1.3477
2023-12-06,EUR,0.8224
2023-12-06,GBP,0.7425
2023-12-07,USD,1.0
2023-12-07,CAD,1.2811
2023-12-07,AUD,1.3501
2023-12-07,EUR,0.8245
2023-12-07,GBP,0.7521
2023-12-08,USD,1.0
2023-12-08,CAD,1.2802
2023-12-08,AUD,1.3484
2023-12-08,EUR,0.8255
2023-12-08,GBP,0.7524
2023-12-09,USD,1.0
2023-12-09,CAD,1.2777
2023-12-09,AUD,1.3366
2023-12-09,EUR,0.8258
2023-12-09,GBP,0.7432
2023-12-10,USD,1.0
2023-12-10,CAD,1.2758
2023-12-10,AUD,1.334
2023-12-10,EUR,0.8254
2023-12-10,GBP,0.752
2023-12-11,USD,1.0
2023-12-11,CAD,1.2771
2023-12-11,AUD,1.3268
2023-12-11,EUR,0.8246
2023-12-11,GBP,0.7611
2023-12-12,USD,1.0
2023-12-12,CAD,1.2771
2023-12-12,AUD,1.3268
2023-12-12,EUR,0.8246
2023-12-12,GBP,0.7611
2023-12-13,USD,1.0
2023-12-13,CAD,1.2771
2023-12-13,AUD,1.3268
2023-12-13,EUR,0.8246
2023-12-13,GBP,0.7611
2023-12-14,USD,1.0
2023-12-14,CAD,1.2725
2023-12-14,AUD,1.3208
2023-12-14,EUR,0.8222
2023-12-14,GBP,0.7458
2023-12-15,USD,1.0
2023-12-15,CAD,1.2745
2023-12-15,AUD,1.3273
2023-12-15,EUR,0.8237
2023-12-15,GBP,0.7479
2023-12-16,USD,1.0
2023-12-16,CAD,1.2758
2023-12-16,AUD,1.3211
2023-12-16,EUR,0.8204
2023-12-16,GBP,0.738
2023-12-17,USD,1.0
2023-12-17,CAD,1.2695
2023-12-17,AUD,1.3108
2023-12-17,EUR,0.8166
2023-12-17,GBP,0.7353
2023-12-18,USD,1.0
2023-12-18,CAD,1.2756
2023-12-18,AUD,1.3139
2023-12-18,EUR,0.8157
2023-12-18,GBP,0.7409
2023-12-19,USD,1.0
2023-12-19,CAD,1.2756
2023-12-19,AUD,1.3139
2023-12-19,EUR,0.8157
2023-12-19,GBP,0.7409
2023-12-20,USD,1.0
2023-12-20,CAD,1.2756
2023-12-20,AUD,1.3139
2023-12-20,EUR,0.8157
2023-12-20,GBP,0.7409
2023-12-21,USD,1.0
2023-12-21,CAD,1.2886
2023-12-21,AUD,1.3308
2023-12-21,EUR,0.8215
2023-12-21,GBP,0.7526
2023-12-22,USD,1.0
2023-12-22,CAD,1.2871
2023-12-22,AUD,1.3229
2023-12-22,EUR,0.8171
2023-12-22,GBP,0.7447
2023-12-23,USD,1.0
2023-12-23,CAD,1.2881
2023-12-23,AUD,1.3248
2023-12-23,EUR,0.822
2023-12-23,GBP,0.7455
2023-12-24,USD,1.0
2023-12-24,CAD,1.284
2023-12-24,AUD,1.3154
2023-12-24,EUR,0.8201
2023-12-24,GBP,0.7364
2023-12-25,USD,1.0
2023-12-25,CAD,1.284
2023-12-25,AUD,1.3154
2023-12-25,EUR,0.8201
2023-12-25,GBP,0.7364
2023-12-26,USD,1.0
2023-12-26,CAD,1.284
2023-12-26,AUD,1.3154
2023-12-26,EUR,0.8201
2023-12-26,GBP,0.7364
2023-12-27,USD,1.0
2023-12-27,CAD,1.284
2023-12-27,AUD,1.3154
2023-12-27,EUR,0.8201
2023-12-27,GBP,0.7364
2023-12-28,USD,1.0
2023-12-28,CAD,1.283
2023-12-28,AUD,1.3162
2023-12-28,EUR,0.8184
2023-12-28,GBP,0.7399
2023-12-29,USD,1.0
2023-12-29,CAD,1.2818
2023-12-29,AUD,1.315
2023-12-29,EUR,0.8157
2023-12-29,GBP,0.7412
2023-12-30,USD,1.0
2023-12-30,CAD,1.2785
2023-12-30,AUD,1.3049
2023-12-30,EUR,0.8143
2023-12-30,GBP,0.7353
2023-12-31,USD,1.0
2023-12-31,CAD,1.274
2023-12-31,AUD,1.2954
2023-12-31,EUR,0.8149
2023-12-31,GBP,0.7326
2024-01-01,USD,1.0
2024-01-01,CAD,1.274
2024-01-01,AUD,1.2954
2024-01-01,EUR,0.8149
2024-01-01,GBP,0.7326
2024-01-02,USD,1.0
2024-01-02,CAD,1.274
2024-01-02,AUD,1.2954
2024-01-02,EUR,0.8149
2024-01-02,GBP,0.7326
2024-01-03,USD,1.0
2024-01-03,CAD,1.274
2024-01-03,AUD,1.2954
2024-01-03,EUR,0.8149
2024-01-03,GBP,0.7326
2024-01-04,USD,1.0
2024-01-04,CAD,1.2704
2024-01-04,AUD,1.2954
2024-01-04,EUR,0.8133
2024-01-04,GBP,0.7332
2024-01-05,USD,1.0
2024-01-05,CAD,1.2754
2024-01-05,AUD,1.2979
2024-01-05,EUR,0.8149
2024-01-05,GBP,0.7362
2024-01-06,USD,1.0
2024-01-06,CAD,1.2676
2024-01-06,AUD,1.2825
2024-01-06,EUR,0.8105
2024-01-06,GBP,0.7346
2024-01-07,USD,1.0
2024-01-07,CAD,1.2709
2024-01-07,AUD,1.29
2024-01-07,EUR,0.8146
2024-01-07,GBP,0.7347
2024-01-08,USD,1.0
2024-01-08,CAD,1.2688
2024-01-08,AUD,1.2864
2024-01-08,EUR,0.8163
2024-01-08,GBP,0.7357
2024-01-09,USD,1.0
2024-01-09,CAD,1.2688
2024-01-09,AUD,1.2864
2024-01-09,EUR,0.8163
2024-01-09,GBP,0.7357
2024-01-10,USD,1.0
2024-01-10,CAD,1.2688
2024-01-10,AUD,1.2864
2024-01-10,EUR,0.8163
2024-01-10,GBP,0.7357
2024-01-11,USD,1.0
2024-01-11,CAD,1.2785
2024-01-11,AUD,1.2976
2024-01-11,EUR,0.8222
2024-01-11,GBP,0.7419
2024-01-12,USD,1.0
2024-01-12,CAD,1.2754
2024-01-12,AUD,1.2945
2024-01-12,EUR,0.8223
2024-01-12,GBP,0.7355
2024-01-13,USD,1.0
2024-01-13,CAD,1.273
2024-01-13,AUD,1.2933
2024-01-13,EUR,0.822
2024-01-13,GBP,0.7314
2024-01-14,USD,1.0
2024-01-14,CAD,1.2686
2024-01-14,AUD,1.2902
2024-01-14,EUR,0.8248
2024-01-14,GBP,0.7336
2024-01-15,USD,1.0
2024-01-15,CAD,1.2714
2024-01-15,AUD,1.2934
2024-01-15,EUR,0.8249
2024-01-15,GBP,0.7341
2024-01-16,USD,1.0
2024-01-16,CAD,1.2714
2024-01-16,AUD,1.2934
2024-01-16,EUR,0.8249
2024-01-16,GBP,0.7341
2024-01-17,USD,1.0
2024-01-17,CAD,1.2714
2024-01-17,AUD,1.2934
2024-01-17,EUR,0.8249
2024-01-17,GBP,0.7341
2024-01-18,USD,1.0
2024-01-18,CAD,1.2776
2024-01-18,AUD,1.3031
2024-01-18,EUR,0.8289
2024-01-18,GBP,0.7383
2024-01-19,USD,1.0
2024-01-19,CAD,1.2725
2024-01-19,AUD,1.296
2024-01-19,EUR,0.8243
2024-01-19,GBP,0.7344
2024-01-20,USD,1.0
2024-01-20,CAD,1.2709
2024-01-20,AUD,1.2946
2024-01-20,EUR,0.8264
2024-01-20,GBP,0.7319
2024-01-21,USD,1.0
2024-01-21,CAD,1.2621
2024-01-21,AUD,1.286
2024-01-21,EUR,0.8225
2024-01-21,GBP,0.7289
2024-01-22,USD,1.0
2024-01-22,CAD,1.2714
2024-01-22,AUD,1.2971
2024-01-22,EUR,0.8225
2024-01-22,GBP,0.7324
2024-01-23,USD,1.0
2024-01-23,CAD,1.2714
2024-01-23,AUD,1.2971
2024-01-23,EUR,0.8225
2024-01-23,GBP,0.7324
2024-01-24,USD,1.0
2024-01-24,CAD,1.2714
2024-01-24,AUD,1.2971
2024-01-24,EUR,0.8225
2024-01-24,GBP,0.7324
2024-01-25,USD,1.0
2024-01-25,CAD,1.2721
2024-01-25,AUD,1.2943
2024-01-25,EUR,0.8229
2024-01-25,GBP,0.7307
2024-01-26,USD,1.0
2024-01-26,CAD,1.2718
2024-01-26,AUD,1.2937
2024-01-26,EUR,0.8235
2024-01-26,GBP,0.7304
2024-01-27,USD,1.0
2024-01-27,CAD,1.2756
2024-01-27,AUD,1.2997
2024-01-27,EUR,0.8255
2024-01-27,GBP,0.7297
2024-01-28,USD,1.0
2024-01-28,CAD,1.2872
2024-01-28,AUD,1.3162
2024-01-28,EUR,0.8271
2024-01-28,GBP,0.7328
2024-01-29,USD,1.0
2024-01-29,CAD,1.2788
2024-01-29,AUD,1.3035
2024-01-29,EUR,0.824
2024-01-29,GBP,0.7283
2024-01-30,USD,1.0
2024-01-30,CAD,1.2788
2024-01-30,AUD,1.3035
2024-01-30,EUR,0.824
2024-01-30,GBP,0.7283
2024-01-31,USD,1.0
2024-01-31,CAD,1.2788
2024-01-31,AUD,1.3035
2024-01-31,EUR,0.824
2024-01-31,GBP,0.7283
2024-02-01,USD,1.0
2024-02-01,CAD,1.2805
2024-02-01,AUD,1.3101
2024-02-01,EUR,0.8275
2024-02-01,GBP,0.7299
2024-02-02,USD,1.0
2024-02-02,CAD,1.2805
2024-02-02,AUD,1.3158
2024-02-02,EUR,0.8303
2024-02-02,GBP,0.7313
2024-02-03,USD,1.0
2024-02-03,CAD,1.2793
2024-02-03,AUD,1.3132
2024-02-03,EUR,0.8322
2024-02-03,GBP,0.7335
2024-02-04,USD,1.0
2024-02-04,CAD,1.2803
2024-02-04,AUD,1.311
2024-02-04,EUR,0.8336
2024-02-04,GBP,0.731
2024-02-05,USD,1.0
2024-02-05,CAD,1.2805
2024-02-05,AUD,1.3153
2024-02-05,EUR,0.8345
2024-02-05,GBP,0.7305
2024-02-06,USD,1.0
2024-02-06,CAD,1.2805
2024-02-06,AUD,1.3153
2024-02-06,EUR,0.8345
2024-02-06,GBP,0.7305
2024-02-07,USD,1.0
2024-02-07,CAD,1.2805
2024-02-07,AUD,1.3153
2024-02-07,EUR,0.8345
2024-02-07,GBP,0.7305
2024-02-08,USD,1.0
2024-02-08,CAD,1.2776
2024-02-08,AUD,1.305
2024-02-08,EUR,0.8316
2024-02-08,GBP,0.7304
2024-02-09,USD,1.0
2024-02-09,CAD,1.2735
2024-02-09,AUD,1.2955
2024-02-09,EUR,0.8262
2024-02-09,GBP,0.7256
2024-02-10,USD,1.0
2024-02-10,CAD,1.2694
2024-02-10,AUD,1.2931
2024-02-10,EUR,0.8246
2024-02-10,GBP,0.7228
2024-02-11,USD,1.0
2024-02-11,CAD,1.2665
2024-02-11,AUD,1.2874
2024-02-11,EUR,0.8232
2024-02-11,GBP,0.7224
2024-02-12,USD,1.0
2024-02-12,CAD,1.2734
2024-02-12,AUD,1.2939
2024-02-12,EUR,0.8259
2024-02-12,GBP,0.7248
2024-02-13,USD,1.0
2024-02-13,CAD,1.2734
2024-02-13,AUD,1.2939
2024-02-13,EUR,0.8259
2024-02-13,GBP,0.7248
2024-02-14,USD,1.0
2024-02-14,CAD,1.2734
2024-02-14,AUD,1.2939
2024-02-14,EUR,0.8259
2024-02-14,GBP,0.7248
2024-02-15,USD,1.0
2024-02-15,CAD,1.2652
2024-02-15,AUD,1.2863
2024-02-15,EUR,0.8245
2024-02-15,GBP,0.7191
2024-02-16,USD,1.0
2024-02-16,CAD,1.2653
2024-02-16,AUD,1.2858
2024-02-16,EUR,0.8235
2024-02-16,GBP,0.7192
2024-02-17,USD,1.0
2024-02-17,CAD,1.269
2024-02-17,AUD,1.2913
2024-02-17,EUR,0.8292
2024-02-17,GBP,0.7211
2024-02-18,USD,1.0
2024-02-18,CAD,1.2667
2024-02-18,AUD,1.2842
2024-02-18,EUR,0.8275
2024-02-18,GBP,0.7162
2024-02-19,USD,1.0
2024-02-19,CAD,1.261
2024-02-19,AUD,1.2723
2024-02-19,EUR,0.8238
2024-02-19,GBP,0.7126
2024-02-20,USD,1.0
2024-02-20,CAD,1.261
2024-02-20,AUD,1.2723
2024-02-20,EUR,0.8238
2024-02-20,GBP,0.7126
